Region,Habitat,Station,Minute,Date,Start time,Start longitude,Start latitude,End time,End longitude,End latitude,TransectLength_m,AvWidth_m,SurveyArea_m,AvDepth_m,%LCF,%DCF,%CFW,%SEDIMENT+CR,%SEDIMENT, %CR,LEPNO,LEPWEIGHT,SYNNO,SYNWEIGHT,SIGNO,MORANO,MORAWEIGHT,CHIMNO,CHIMWEIGHT,HELINO,HELIWEIGHT,LOPHINO,LOPHIWEIGH,MOLVANO,MOLVAWEIGH,BROSMENO,BROSMEWEIG,HOPLONO,HOPLOWEIGH,PHYCISNO,PHYCISWEIG,PSEUDONO,RAJANO,ALLNO,ALLWEIGHT
Belgica Mound,PM,8,1-5,16/09/2010,11:52:00,-11.7084,51.4485,11:57:00,-11.7079,51.4485,112.26,4.04,453.58,802.157,0,0,0,100,NA,NA,0,0,0,0,0,2,0.84,0,0,0,0,0,0,0,0,0,0,0,0,0,0,0,0,2,0.84
Belgica Mound,PM,8,6-10,16/09/2010,11:57:00,-11.7079,51.4485,12:02:00,-11.7074,51.4499,160.18,1.81,289.72,795.5005,0,0,0,100,NA,NA,0,0,0,0,0,0,0,0,0,0,0,0,0,0,0,0,0,0,0,0,0,0,0,0,0
Belgica Mound,PM,8,11-15,16/09/2010,12:02:00,-11.7074,51.4499,12:07:00,-11.7061,51.4511,173.85,2.88,500.17,774.3405,0,0,0,80,NA,NA,2,0.23,0,0,0,0,0,0,0,0,0,0,0,0,0,0,0,0,0,0,0,0,0,2,0.23
Belgica Mound,PM,8,16-20,16/09/2010,12:07:00,-11.7061,51.4511,12:12:00,-11.7046,51.4522,149.68,1.32,197.4,746.211,0,0,0,60,NA,NA,1,0.06,0,0,2,0,0,0,0,0,0,0,0,0,0,0,0,0,0,0,0,0,0,3,0.06
Belgica Mound,PM,8,21-25,16/09/2010,12:12:00,-11.7046,51.4522,12:17:00,-11.7034,51.4532,144.37,1.51,217.57,721.505,0,0,0,100,NA,NA,1,0.06,0,0,1,0,0,0,0,0,0,0,0,0,0,0,0,0,0,0,0,0,0,2,0.06
Belgica Mound,PM,8,26-30,16/09/2010,12:17:00,-11.7034,51.4532,12:22:00,-11.7024,51.454,116.68,2.43,284.11,695.664,0,0,0,100,NA,NA,2,0.17,0,0,0,0,0,0,0,0,0,0,0,0,0,0,0,0,0,0,0,0,0,2,0.17
Belgica Mound,PM,8,31-35,16/09/2010,12:22:00,-11.7024,51.454,12:27:00,-11.7015,51.455,137.71,1.26,173.19,680.2915,0,16.6,16.6,83,NA,NA,0,0,0,0,1,0,0,0,0,0,0,1,14.85,0,0,0,0,0,0,0,0,0,0,2,14.85
Belgica Mound,PM,8,36-40,16/09/2010,12:27:00,-11.7015,51.455,12:32:00,-11.7004,51.456,158.1,1.38,217.59,677.474,0,0,0,100,NA,NA,3,0.46,0,0,0,1,0.74,0,0,0,0,1,13.16,0,0,0,0,0,0,0,0,0,0,5,14.36
Belgica Mound,PM,8,41-45,16/09/2010,12:32:00,-11.7004,51.456,12:37:00,-11.6994,51.4569,134.89,2.43,328.39,679.5165,0,0,0,100,NA,NA,0,0,0,0,0,0,0,0,0,1,0.16,1,6.47,0,0,0,0,0,0,0,0,0,0,2,6.63
Belgica Mound,PM,8,46-50,16/09/2010,12:37:00,-11.6994,51.4569,12:42:00,-11.6982,51.4582,172.06,2.71,466.81,680.0725,0,0,0,100,NA,NA,4,0.44,0,0,0,0,0,1,0.46,1,0.34,0,0,0,0,0,0,0,0,1,1.29,0,0,7,2.51
Belgica Mound,PM,8,51-55,16/09/2010,12:42:00,-11.6982,51.4582,12:47:00,-11.6969,51.4594,163.63,2.43,398.39,683.169,0,0,0,100,NA,NA,2,0.18,0,0,0,0,0,0,0,0,0,0,0,1,1.71,0,0,0,0,0,0,0,0,3,1.89
Belgica Mound,PM,8,56-60,16/09/2010,12:47:00,-11.6969,51.4594,12:52:00,-11.6957,51.4606,163.63,2.67,437.66,688.106,0,0,0,100,NA,NA,4,0.45,0,0,0,0,0,0,0,1,0.27,0,0,0,0,0,0,0,0,0,0,0,0,5,0.72
Belgica Mound,PM,8,61-65,16/09/2010,12:52:00,-11.6957,51.4606,12:57:00,-11.6944,51.4616,154.55,2.11,326.11,702.975,0,0,0,100,NA,NA,5,0.79,0,0,0,0,0,0,0,1,0.26,0,0,0,0,0,0,0,0,0,0,0,0,6,1.05
Belgica Mound,PM,8,66-70,16/09/2010,12:57:00,-11.6944,51.4616,13:02:00,-11.6931,51.4627,149.68,2,299.18,731.2655,0,0,0,100,NA,NA,3,0.39,0,0,1,0,0,0,0,1,0.1,0,0,0,0,0,0,0,0,0,0,0,0,5,0.49
Belgica Mound,PM,8,71-75,16/09/2010,13:02:00,-11.6931,51.4627,13:07:00,-11.6919,51.4639,154.07,1.7,261.26,760.9225,0,0,0,100,NA,NA,3,0.38,0,0,1,0,0,0,0,0,0,0,0,0,0,0,0,0,0,0,0,0,0,4,0.38
Belgica Mound,PM,8,76-80,16/09/2010,13:07:00,-11.6919,51.4639,13:12:00,-11.6907,51.4649,145.01,2.88,417.21,775.7055,0,0,0,80,NA,NA,2,0.23,0,0,1,0,0,0,0,1,0.14,0,0,0,0,0,0,0,0,0,0,0,0,4,0.36
Belgica Mound,PM,8,81-85,16/09/2010,13:12:00,-11.6907,51.4649,13:17:00,-11.6896,51.466,156.05,1.43,222.81,772.981,0,0,0,100,NA,NA,2,0.33,0,0,0,0,0,1,0.71,0,0,0,0,0,0,0,0,0,0,0,0,0,0,3,1.04
Belgica Mound,PM,8,86-90,16/09/2010,13:17:00,-11.6896,51.466,13:22:00,-11.6883,51.4672,153.44,1.31,200.93,763.5565,0,0,0,100,NA,NA,1,0.13,0,0,0,2,1.28,0,0,0,0,0,0,0,0,0,0,0,0,0,0,0,0,3,1.41
Belgica Mound,PM,8,91-95,16/09/2010,13:22:00,-11.6883,51.4672,13:27:00,-11.6868,51.4683,167.43,2.21,369.71,752.5955,0,0,0,100,NA,NA,1,0.05,0,0,1,2,0.94,0,0,0,0,0,0,0,0,0,0,0,0,0,0,0,0,4,0.99
Belgica Mound,PM,8,96-100,16/09/2010,13:27:00,-11.6868,51.4683,13:32:00,-11.6857,51.4694,147.49,0.9,132.75,744.47,0,0,0,100,NA,NA,1,0.04,0,0,0,0,0,0,0,0,0,0,0,0,0,0,0,0,0,0,0,0,0,1,0.04
Belgica Mound,PM,8,101-105,16/09/2010,13:32:00,-11.6857,51.4694,13:37:00,-11.6848,51.4704,136.36,2.21,301.11,740.3445,0,0,0,100,NA,NA,3,0.27,0,0,0,0,0,0,0,0,0,0,0,0,0,0,0,0,0,0,0,0,0,3,0.27
Belgica Mound,PM,8,106,16/09/2010,13:37:00,-11.6848,51.4704,13:38:00,-11.6845,51.4706,24.22,1.94,46.93,738.14,0,0,0,100,NA,NA,0,0,0,0,0,0,0,0,0,0,0,0,0,0,0,0,0,0,0,0,0,0,0,0,0
Belgica Mound,PM,11,1-5,16/09/2010,17:47:00,-11.6851,51.4498,17:52:00,-11.6848,51.4497,52.99,4.52,239.55,710.506,0,0,0,80,NA,NA,0,0,2,0.02,0,0,0,0,0,0,0,0,0,0,0,0,0,0,0,0,0,0,0,2,0.02
Belgica Mound,PM,11,6-10,16/09/2010,17:52:00,-11.6848,51.4497,17:57:00,-11.6868,51.4506,194.69,2.424,478.14,714.88,0,0,0,100,NA,NA,0,0,0,0,2,0,0,0,0,0,0,0,0,0,0,0,0,0,0,0,0,0,0,2,0
Belgica Mound,PM,11,11-15,16/09/2010,17:57:00,-11.6868,51.4506,18:02:00,-11.6885,51.4516,164.45,2.164,355.47,724.962,0,0,0,100,NA,NA,6,1.13,0,0,0,1,2.03,0,0,0,0,0,0,0,0,0,0,0,0,0,0,0,0,7,3.16
Belgica Mound,PM,11,16-20,16/09/2010,18:02:00,-11.6885,51.4516,18:07:00,-11.6901,51.4525,155.11,1.91,297.73,734.305,0,0,0,100,NA,NA,1,0.01,0,0,0,1,0.14,0,0,0,0,0,0,0,0,0,0,0,0,0,0,0,0,2,0.16
Belgica Mound,PM,11,21-25,16/09/2010,18:07:00,-11.6901,51.4525,18:12:00,-11.6918,51.4534,155.22,1.75,271.04,739.98,0,0,0,100,NA,NA,1,0.06,0,0,1,2,1.27,1,0.68,0,0,0,0,1,0.77,0,0,0,0,0,0,0,0,6,2.76
Belgica Mound,PM,11,26-30,16/09/2010,18:12:00,-11.6918,51.4534,18:17:00,-11.6935,51.454,150.46,2.09,318.9,743.092,0,0,0,80,NA,NA,1,0.14,0,0,0,0,0,0,0,0,0,0,0,0,0,0,0,0,0,0,0,0,0,1,0.14
Belgica Mound,PM,11,31-35,16/09/2010,18:17:00,-11.6935,51.454,18:22:00,-11.6951,51.4547,146.53,4.14,601.22,737.8235,0,0,0,60,NA,NA,0,0,0,0,0,0,0,0,0,1,0.43,0,0,0,0,0,0,0,0,0,0,0,0,1,0.43
Belgica Mound,PM,11,36-40,16/09/2010,18:22:00,-11.6951,51.4547,18:27:00,-11.6966,51.4553,143.37,2.358,335.57,723.2155,0,0,0,100,NA,NA,2,0.31,0,0,0,0,0,0,0,1,0.36,0,0,0,0,0,0,0,0,0,0,0,0,3,0.67
Belgica Mound,PM,11,41-45,16/09/2010,18:27:00,-11.6966,51.4553,18:32:00,-11.6984,51.456,147.43,1.846,271.97,698.378,0,0,0,100,NA,NA,0,0,0,0,0,0,0,0,0,0,0,0,0,0,0,0,0,0,0,0,0,0,0,0,0
Belgica Mound,PM,11,46-50,16/09/2010,18:32:00,-11.6984,51.456,18:37:00,-11.6999,51.4568,142,1.028,142.01,680.322,0,0,0,100,NA,NA,3,0.23,0,0,0,2,0.68,0,0,0,0,0,0,1,3.87,0,0,0,0,0,0,0,0,6,4.78
Belgica Mound,PM,11,51-55,16/09/2010,18:37:00,-11.6999,51.4568,18:42:00,-11.7014,51.4574,136.58,1.652,222.09,678.856,0,0,0,100,NA,NA,4,0.44,0,0,0,1,2.41,0,0,0,0,0,0,0,0,0,0,0,0,0,0,0,0,5,2.85
Belgica Mound,PM,11,56-60,16/09/2010,18:42:00,-11.7014,51.4574,18:47:00,-11.7031,51.4582,145.01,1.548,223.1,702.032,0,0,0,100,NA,NA,5,0.55,0,0,0,1,0.27,0,0,2,0.43,0,0,0,0,0,0,0,0,0,0,0,0,8,1.24
Belgica Mound,PM,11,61-65,16/09/2010,18:47:00,-11.7031,51.4582,18:52:00,-11.7046,51.4588,140.35,2.782,404.05,740.256,0,0.2,0.2,100,NA,NA,6,0.28,0,0,0,1,0.2,0,0,0,0,1,12.35,0,0,0,0,0,0,0,0,0,0,8,12.83
Belgica Mound,PM,11,66-70,16/09/2010,18:52:00,-11.7046,51.4588,18:57:00,-11.706,51.4595,140.34,1.414,204.94,786.8715,0.2,6.4,6.8,92.6,NA,NA,9,1.22,0,0,0,1,0.55,0,0,0,0,0,0,0,0,0,0,0,0,0,0,0,0,10,1.77
Belgica Mound,PM,11,71-75,16/09/2010,18:57:00,-11.706,51.4595,19:02:00,-11.7079,51.4602,161.26,2.278,362.41,823.879,0.6,14.4,15.2,84,NA,NA,5,0.61,0,0,0,1,1.42,0,0,0,0,0,0,0,0,0,0,0,0,0,0,0,0,6,2.03
Belgica Mound,PM,11,76-80,16/09/2010,19:02:00,-11.7079,51.4602,19:07:00,-11.71,51.4611,171.67,2.264,390.86,846.133,0.6,21.4,22.2,77,NA,NA,9,0.64,0,0,1,0,0,1,0.84,0,0,0,0,0,0,0,0,0,0,0,0,0,0,11,1.48
Belgica Mound,PM,11,81-85,16/09/2010,19:07:00,-11.71,51.4611,19:12:00,-11.7114,51.4618,138.07,3.812,532.38,860.069,0,7.8,7.8,92,NA,NA,1,0.11,0,0,0,1,2.45,1,3.21,0,0,0,0,1,0.67,0,0,0,0,0,0,0,0,4,6.44
Belgica Mound,PM,11,86-90,16/09/2010,19:12:00,-11.7114,51.4618,19:17:00,-11.7129,51.4625,139.6,2.188,303.03,864.053,0,0,0,100,NA,NA,1,0.07,0,0,0,1,0.92,0,0,0,0,0,0,0,0,0,0,0,0,0,0,0,0,2,0.99
Belgica Mound,PM,11,91-95,16/09/2010,19:17:00,-11.7129,51.4625,19:22:00,-11.7143,51.4632,134.17,1.768,238.14,867.3165,0,0,0,100,NA,NA,2,0.3,0,0,0,1,0.51,0,0,0,0,0,0,0,0,0,0,0,0,0,0,0,0,3,0.81
Belgica Mound,PM,11,96-100,16/09/2010,19:22:00,-11.7143,51.4632,19:27:00,-11.7159,51.4637,137.19,1.526,209.31,872.164,0,0,0,100,NA,NA,0,0,1,0.03,0,0,0,0,0,0,0,1,6.77,0,0,0,0,0,0,0,0,0,0,2,6.8
Belgica Mound,PM,11,101-105,16/09/2010,19:27:00,-11.7159,51.4637,19:32:00,-11.7171,51.4644,130.95,1.796,232.97,876.2195,0,0,0,100,NA,NA,0,0,0,0,0,0,0,0,0,0,0,0,0,0,0,0,0,0,0,0,0,0,0,0,0
Belgica Mound,PM,11,106,16/09/2010,19:32:00,-11.7171,51.4644,19:33:00,-11.7173,51.4645,20.03,3.72,74.57,877.24,0,0,0,100,NA,NA,0,0,0,0,0,0,0,0,0,0,0,0,0,0,0,0,0,0,0,0,0,0,0,0,0
Belgica Mound,GM,14,1-5,02/10/2011,07:21:00,-11.7504,51.4442,07:26:00,-11.7505,51.445,108.76,1.844,195.71,891.8325,0,8.6,8.8,90.2,48.436,42.25,1,0.27,1,0.01,3,0,0,0,0,0,0,0,0,0,0,0,0,0,0,0,0,0,0,5,0.28
Belgica Mound,GM,14,6-10,02/10/2011,07:26:00,-11.7505,51.445,07:31:00,-11.7506,51.4456,114.93,1.122,130,889.536,0.6,3.8,5,94,71.322,23.254,3,0.17,0,0,1,0,0,0,0,0,0,1,17.49,0,0,0,0,0,0,0,0,0,0,5,17.66
Belgica Mound,GM,14,11-15,02/10/2011,07:31:00,-11.7506,51.4456,07:36:00,-11.7509,51.4462,129.02,1.094,140.86,886.4395,0,2.8,3,96.4,54.958,41.91,2,0.24,0,0,3,0,0,0,0,1,0.09,0,0,0,0,0,0,0,0,0,0,0,0,6,0.33
Belgica Mound,GM,14,16-20,02/10/2011,07:36:00,-11.7509,51.4462,07:41:00,-11.751,51.4474,137.4,1.258,173.97,877.53,1.4,9.8,11.4,87.6,67.936,20.188,3,0.29,0,0,2,0,0,0,0,1,0.24,0,0,0,0,0,0,0,0,0,0,0,0,6,0.53
Belgica Mound,GM,14,21-25,02/10/2011,07:41:00,-11.751,51.4474,07:46:00,-11.7514,51.4482,121.1,1.342,163.86,861.4715,4.4,20,24.4,74.6,64.792,10.204,3,0.57,1,0.01,1,0,0,0,0,1,0.07,0,0,0,0,0,0,0,0,0,0,0,0,6,0.66
Belgica Mound,GM,14,26-30,02/10/2011,07:46:00,-11.7514,51.4482,07:51:00,-11.7517,51.4491,117.14,1.294,151.01,835.515,2,35.6,38,61,36.466,25.246,5,0.82,0,0,0,0,0,0,0,0,0,0,0,0,0,0,0,0,0,0,0,0,0,5,0.82
Belgica Mound,GM,14,31-35,02/10/2011,07:51:00,-11.7517,51.4491,07:56:00,-11.7521,51.4498,108.76,1.152,128.44,807.143,3.4,29.8,33.4,46,16.015,41.8525,8,0.91,0,0,0,0,0,0,0,0,0,1,0,0,0,0,0,0,0,0,0,0,0,9,0.91
Belgica Mound,GM,14,36-40,02/10/2011,07:56:00,-11.7521,51.4498,08:01:00,-11.7526,51.4507,125.12,1.398,179.14,793.9735,13,61.2,74.8,24.2,10.718,13.99,6,1.12,0,0,0,1,0,0,0,3,0.42,1,21.21,0,0,0,0,0,0,0,0,0,0,11,22.74
Belgica Mound,GM,14,41-45,02/10/2011,08:01:00,-11.7526,51.4507,08:06:00,-11.7531,51.4515,114.93,1.44,164.76,787.406,16,59,76,23.2,7.27,16.448,9,1.53,0,0,0,0,0,0,0,0,0,0,0,0,0,0,0,0,0,0,0,0,0,9,1.53
Belgica Mound,GM,14,46-50,02/10/2011,08:06:00,-11.7531,51.4515,08:11:00,-11.7535,51.4523,110.74,2.114,234.96,790.8615,5.4,41.4,47.6,51.4,17.774,34.346,5,0.95,0,0,0,0,0,0,0,1,0.72,0,0,1,1.71,0,0,0,0,0,0,0,0,7,3.39
Belgica Mound,GM,14,51-55,02/10/2011,08:11:00,-11.7535,51.4523,08:16:00,-11.754,51.4531,114.93,1.954,224.42,802.6045,1.4,27.2,29,70.2,16.164,54.526,11,1.58,0,0,0,0,0,0,0,0,0,2,39.35,0,0,0,0,0,0,0,0,0,0,13,40.93
Belgica Mound,GM,14,56-60,02/10/2011,08:16:00,-11.754,51.4531,08:21:00,-11.7536,51.4537,93.54,1.392,126.36,802.1415,5.4,34,40,59,14.544,44.938,2,0.12,0,0,0,1,2.98,0,0,0,0,0,0,0,0,0,0,0,0,0,0,0,0,3,3.1
Belgica Mound,GM,14,61-65,02/10/2011,08:21:00,-11.7536,51.4537,08:26:00,-11.753,51.4545,118.89,1.288,154.56,800.76,9.2,58.8,68.6,30.4,7.782,23.308,5,0.59,0,0,0,0,0,0,0,0,0,0,0,0,0,0,0,0,0,0,0,0,0,5,0.59
Belgica Mound,GM,14,66-70,02/10/2011,08:26:00,-11.753,51.4545,08:31:00,-11.7525,51.4551,120.87,1.388,168.37,806.9255,6.8,26.2,33,66.2,5.674,60.828,4,0.29,0,0,0,1,2.26,0,0,0,0,0,0,0,0,0,0,0,0,0,0,0,0,5,2.55
Belgica Mound,GM,14,71-75,02/10/2011,08:31:00,-11.7525,51.4551,08:36:00,-11.7518,51.4558,122.85,1.558,190.84,819.8975,1.4,18.8,20.8,78.6,3.414,75.68,8,0.92,0,0,0,0,0,0,0,0,0,0,0,0,0,0,0,0,0,0,0,0,0,8,0.92
Belgica Mound,GM,14,76-80,02/10/2011,08:36:00,-11.7518,51.4558,08:41:00,-11.7523,51.4567,120.69,1.812,221.19,840.9885,0.4,21.2,21.8,77.2,7.958,69.946,8,0.73,0,0,0,0,0,0,0,0,0,0,0,1,0,0,0,0,0,0,0,0,0,9,0.73
Belgica Mound,GM,14,81-85,02/10/2011,08:41:00,-11.7523,51.4567,08:46:00,-11.7532,51.4575,117.44,1.604,187.02,857.173,2.4,36.6,39.6,59.4,17.322,42.518,6,0.65,0,0,0,0,0,0,0,0,0,0,0,0,0,0,0,0,0,0,0,0,0,6,0.65
Belgica Mound,GM,14,86-90,02/10/2011,08:46:00,-11.7532,51.4575,08:51:00,-11.7541,51.4581,116.68,1.702,201.38,876.7445,4.4,26.2,31,68,21.872,46.542,9,1.18,0,0,0,0,0,0,0,0,0,0,0,0,0,0,0,0,0,0,0,0,0,9,1.18
Belgica Mound,GM,14,91-95,02/10/2011,08:51:00,-11.7541,51.4581,08:56:00,-11.755,51.4588,118.66,1.618,192.99,892.909,6.8,52.8,60.2,38.8,11.336,28.208,3,0.39,1,0,0,0,0,0,0,0,0,0,0,0,0,0,0,0,0,0,0,0,0,4,0.39
Belgica Mound,GM,14,96-100,02/10/2011,08:56:00,-11.755,51.4588,09:01:00,-11.7561,51.4596,123.32,1.594,196.76,902.5105,8.4,59,67.6,31.4,15.316,16.396,3,0.61,0,0,0,2,5.84,0,0,0,0,0,0,0,0,0,0,0,0,0,0,0,0,5,6.45
Belgica Mound,GM,14,101-105,02/10/2011,09:01:00,-11.7561,51.4596,09:06:00,-11.7571,51.4604,121.35,1.842,226.47,913.1125,4.6,51,56.2,42.8,18.428,24.828,4,0.69,0,0,0,0,0,0,0,0,0,0,0,0,0,0,0,0,0,0,0,0,0,4,0.69
Belgica Mound,GM,14,106-110,02/10/2011,09:06:00,-11.7571,51.4604,09:11:00,-11.7581,51.4612,121.35,1.944,229.05,922.1015,1,45.6,47.4,51.6,24.26,28.038,7,1.06,0,0,0,0,0,0,0,1,0.28,0,0,0,0,0,0,0,0,0,0,0,0,8,1.34
Belgica Mound,GM,14,111-115,02/10/2011,09:11:00,-11.7581,51.4612,09:16:00,-11.759,51.4619,116.68,1.696,196.67,935.8145,1.8,46,48.2,50.8,29.872,21.258,7,1.47,0,0,0,0,0,0,0,0,0,0,0,0,0,0,0,0,0,0,0,0,0,7,1.47
Belgica Mound,GM,14,116-120,02/10/2011,09:16:00,-11.759,51.4619,09:21:00,-11.7595,51.4626,110.74,1.502,164.46,950.814,1.4,40.4,42.2,56.8,26.702,30.624,3,0.38,0,0,0,0,0,0,0,0,0,0,0,0,0,0,0,0,0,0,0,0,0,3,0.38
Belgica Mound,GM,14,121-125,02/10/2011,09:21:00,-11.7595,51.4626,09:26:00,-11.7596,51.4634,113.18,1.308,147.45,959.8745,0.2,16.4,16.8,82.2,40.236,42.498,5,0.38,4,0.04,0,0,0,0,0,0,0,0,0,0,0,0,0,0,0,0,0,0,0,9,0.42
Belgica Mound,GM,14,126-130,02/10/2011,09:26:00,-11.7596,51.4634,09:31:00,-11.7596,51.4644,111.2,1.302,144.72,964.3475,0.6,21.4,22.4,76.8,34.202,43.094,2,0.24,5,0.04,3,0,0,0,0,0,0,0,0,0,0,0,0,0,0,0,0,0,0,10,0.28
Belgica Mound,GM,14,131-135,02/10/2011,09:31:00,-11.7596,51.4644,09:36:00,-11.7597,51.4651,113.18,1.446,163.68,966.9065,0.4,26.6,27,72,29.85,42.426,5,0.66,1,0,1,0,0,0,0,1,0.12,0,0,0,0,0,0,0,0,0,0,0,0,8,0.78
Belgica Mound,GM,14,136-140,02/10/2011,09:36:00,-11.7597,51.4651,09:41:00,-11.7599,51.4656,88.92,1.348,118.12,966.328,0.6,26.8,27.6,71.4,29.242,42.738,0,0,1,0.01,0,0,0,0,0,0,0,0,0,0,0,0,0,0,0,0,0,0,0,1,0.01
Belgica Mound,GM,14,141-145,02/10/2011,09:41:00,-11.7599,51.4656,09:46:00,-11.76,51.4662,128.26,1.544,207.07,966.2075,2,21,23.2,75.8,45.126,31.344,3,0.22,9,0.12,0,1,4.05,0,0,0,0,0,0,0,0,0,0,0,0,0,0,0,0,13,4.39
Belgica Mound,GM,14,146-150,02/10/2011,09:46:00,-11.76,51.4662,09:51:00,-11.7628,51.4667,206.24,1.444,305.76,974.0275,0.2,10.4,10.6,88.6,65.312,23.73,1,0.22,7,0.04,0,0,0,0,0,0,0,0,0,0,0,0,0,0,0,0,0,0,0,8,0.26
Belgica Mound,GM,14,151-155,02/10/2011,09:51:00,-11.7628,51.4667,09:56:00,-11.7646,51.4666,117.76,1.25,141.83,982.2695,0,15.6,15.8,83.2,54.758,28.836,6,1.06,8,0.09,0,0,0,0,0,0,0,0,0,0,0,0,0,0,0,0,0,0,0,14,1.13
Belgica Mound,GM,14,156-160,02/10/2011,09:56:00,-11.7646,51.4666,10:01:00,-11.7657,51.4665,87.02,1.424,119.53,984.1035,0,15.2,15.6,83.8,63.18,21.056,3,0.23,5,0.05,0,0,0,0,0,0,0,0,0,0,0,0,0,0,0,0,0,0,0,8,0.27
Belgica Mound,GM,14,161-165,02/10/2011,10:01:00,-11.7657,51.4665,10:06:00,-11.7664,51.4665,69.25,1.178,81.54,984.0945,0,10.2,10.2,89.4,84.388,5.172,4,0.56,7,0.11,0,0,0,0,0,1,0.19,0,0,0,0,0,0,0,0,0,0,0,0,12,0.85
Belgica Mound,GM,14,166-169,02/10/2011,10:06:00,-11.7664,51.4665,10:10:00,-11.7672,51.4664,67.78,1.2875,85.1,984.38,0,1,1,98.5,98.8475,0,2,0.23,8,0.05,0,0,0,0,0,0,0,0,0,0,0,0,0,0,0,0,0,0,0,10,0.28
Belgica Mound,OM,17,1-5,02/10/2011,14:28:00,-11.6869,51.5042,14:33:00,-11.6869,51.5039,90.56,1.856,143.93,773.596,0,0,0,100,100,0,0,0,0,0,1,0,0,0,0,0,0,0,0,0,0,0,0,0,0,0,0,0,0,1,0
Belgica Mound,OM,17,6-10,02/10/2011,14:33:00,-11.6869,51.5039,14:38:00,-11.688,51.5039,116.62,0.978,112.57,775.7655,0,0,0,100,100,0,0,0,0,0,0,0,0,0,0,0,0,0,0,0,0,0,0,0,0,0,0,0,0,0,0
Belgica Mound,OM,17,11-15,02/10/2011,14:38:00,-11.688,51.5039,14:43:00,-11.6891,51.5048,143.31,1.044,149.13,779.663,0,0,0,100,100,0,0,0,1,0.01,1,0,0,0,0,0,0,0,0,0,0,0,0,0,0,0,0,0,0,2,0.01
Belgica Mound,OM,17,16-20,02/10/2011,14:43:00,-11.6891,51.5048,14:48:00,-11.6899,51.5059,143.86,1.036,150.53,782.2095,0,0,0,100,100,0,2,0.23,1,0.01,0,0,0,1,0,0,0,0,0,0,0,0,0,0,0,0,0,0,0,4,0.24
Belgica Mound,OM,17,21-25,02/10/2011,14:48:00,-11.6899,51.5059,14:53:00,-11.691,51.5071,154.04,1,156.24,785.976,0,0,0,100,100,0,0,0,0,0,0,0,0,0,0,0,0,0,0,0,0,0,0,0,0,0,0,0,0,0,0
Belgica Mound,OM,17,26-30,02/10/2011,14:53:00,-11.691,51.5071,14:58:00,-11.6923,51.5081,147.62,1.148,169.6,789.9345,0,0,0,100,100,0,3,0.26,0,0,1,0,0,0,0,0,0,0,0,0,0,0,0,0,0,0,0,0,0,4,0.26
Belgica Mound,OM,17,31-35,02/10/2011,14:58:00,-11.6923,51.5081,15:03:00,-11.6939,51.5092,171.37,1.44,244.47,793.923,0,0,0,100,100,0,0,0,0,0,0,0,0,1,0,0,0,0,0,0,0,0,0,0,0,0,0,0,0,1,0
Belgica Mound,OM,17,36-40,02/10/2011,15:03:00,-11.6939,51.5092,15:08:00,-11.6956,51.5102,168.84,1.446,249.51,795.797,0,0,0,100,100,0,4,0.27,0,0,0,0,0,0,0,1,0.82,0,0,1,0.6,0,0,0,0,0,0,0,0,6,1.68
Belgica Mound,OM,17,41-45,02/10/2011,15:08:00,-11.6956,51.5102,15:13:00,-11.6974,51.5109,158.14,1.028,161.89,795.1585,0,0,0,100,100,0,0,0,1,0.01,0,0,0,0,0,0,0,0,0,0,0,0,0,0,0,0,0,0,0,1,0.01
Belgica Mound,OM,17,46-50,02/10/2011,15:13:00,-11.6974,51.5109,15:18:00,-11.699,51.5117,146.42,0.996,146.51,792.5465,0,0,0,100,100,0,0,0,0,0,0,0,0,0,0,0,0,0,0,0,0,0,0,0,0,0,0,0,0,0,0
Belgica Mound,OM,17,51-55,02/10/2011,15:18:00,-11.699,51.5117,15:23:00,-11.7009,51.5126,173.5,1.2,208.01,787.802,0,0,0,100,100,0,1,0.51,0,0,0,0,0,1,0,0,0,0,0,0,0,0,0,0,0,0,0,0,0,2,0.51
Belgica Mound,OM,17,56-60,02/10/2011,15:23:00,-11.7009,51.5126,15:28:00,-11.7027,51.5135,162.05,1.24,197.99,782.481,0,0,0,100,100,0,1,0.06,0,0,0,0,0,0,0,0,0,0,0,0,0,0,0,0,0,0,0,0,0,1,0.06
Belgica Mound,OM,17,61-65,02/10/2011,15:28:00,-11.7027,51.5135,15:33:00,-11.7043,51.5143,153.49,0.976,145.14,779.337,0,0,0,100,100,0,1,0.11,1,0.01,0,0,0,1,1.19,0,0,0,0,0,0,0,0,0,0,0,0,0,0,3,1.31
Belgica Mound,OM,17,66-70,02/10/2011,15:33:00,-11.7043,51.5143,15:38:00,-11.7059,51.5152,155,1.016,157.72,777.97,0,0,0,100,100,0,0,0,0,0,0,0,0,0,0,0,0,0,0,0,0,0,0,0,0,0,0,0,1,1,0
Belgica Mound,OM,17,71-75,02/10/2011,15:38:00,-11.7059,51.5152,15:43:00,-11.7076,51.5161,152.73,1.222,189.87,779.0045,0,0,0,100,100,0,0,0,0,0,0,0,0,0,0,0,0,0,0,1,0.53,0,0,0,0,0,0,0,0,1,0.53
Belgica Mound,OM,17,76,02/10/2011,15:43:00,-11.7076,51.5161,15:44:00,-11.7078,51.5163,13.1,0.9,11.73,780.5475,0,0,0,100,100,0,0,0,0,0,0,0,0,0,0,0,0,0,0,0,0,0,0,0,0,0,0,0,0,0,0
Belgica Mound,OM,21,1-5,03/10/2011,07:17:00,-11.6917,51.5187,07:22:00,-11.6916,51.5179,122.88,1.866,245.91,763.282,0,0,0,80,100,0,1,0.32,2,0,3,0,0,0,0,0,0,0,0,0,0,0,0,0,0,0,0,0,0,6,0.32
Belgica Mound,OM,21,6-10,03/10/2011,07:22:00,-11.6916,51.5179,07:27:00,-11.692,51.5166,151.55,2.446,372.28,767.6585,0,0,0,100,100,0,3,1.11,1,0.01,1,0,0,0,0,0,0,0,0,0,0,0,0,0,0,0,0,0,0,5,1.12
Belgica Mound,OM,21,11-15,03/10/2011,07:27:00,-11.692,51.5166,07:32:00,-11.6929,51.5156,143.54,1.554,224.81,773.0365,0,0,0,100,100,0,1,0.13,1,0.01,2,0,0,0,0,0,0,0,0,0,0,0,0,0,0,0,0,0,0,4,0.14
Belgica Mound,OM,21,16-20,03/10/2011,07:32:00,-11.6929,51.5156,07:37:00,-11.6939,51.5146,137.66,1.608,224.28,778.6855,0,0,0,100,100,0,0,0,2,0.02,1,0,0,0,0,0,0,0,0,0,0,0,0,0,0,0,0,0,0,3,0.02
Belgica Mound,OM,21,21-25,03/10/2011,07:37:00,-11.6939,51.5146,07:42:00,-11.6942,51.5135,136.22,1.892,264.18,782.959,0,0,0,100,100,0,2,0.14,1,0,5,0,0,0,0,0,0,0,0,0,0,0,0,0,0,0,0,0,0,8,0.14
Belgica Mound,OM,21,26-30,03/10/2011,07:42:00,-11.6942,51.5135,07:47:00,-11.6948,51.5123,142.4,1.71,244.54,788.1695,0,0,0,100,100,0,0,0,1,0,3,0,0,1,0,0,0,0,0,0,0,0,0,0,0,0,0,0,0,5,0
Belgica Mound,OM,21,31-35,03/10/2011,07:47:00,-11.6948,51.5123,07:52:00,-11.6951,51.511,150.62,1.704,257.64,793.145,0,0,0,100,100,0,5,0.81,3,0.01,4,0,0,0,0,0,0,0,0,0,0,0,0,0,0,0,0,0,1,13,0.82
Belgica Mound,OM,21,36-40,03/10/2011,07:52:00,-11.6951,51.511,07:57:00,-11.696,51.5096,167.91,1.742,300.36,798.635,0,0,0,100,100,0,2,0.28,0,0,4,0,0,0,0,0,0,0,0,0,0,0,0,0,0,0,0,0,0,6,0.28
Belgica Mound,OM,21,41-45,03/10/2011,07:57:00,-11.696,51.5096,08:02:00,-11.6968,51.5084,147.41,1.24,181.57,803.2875,0,0,0,100,100,0,1,0.05,0,0,1,0,0,0,0,0,0,0,0,0,0,0,0,0,0,0,0,0,0,2,0.05
Belgica Mound,OM,21,46-50,03/10/2011,08:02:00,-11.6968,51.5084,08:07:00,-11.6975,51.5075,118.87,1.07,128.19,807.0475,0,0,0,100,100,0,1,0.04,1,0.01,0,0,0,0,0,0,0,0,0,0,0,0,0,0,0,0,0,0,0,2,0.05
Belgica Mound,OM,21,51-55,03/10/2011,08:07:00,-11.6975,51.5075,08:12:00,-11.6988,51.5065,151.51,1.458,228.8,810.8215,0,0,0,100,100,0,2,0.47,2,0.01,2,1,0.64,0,0,0,0,0,0,0,0,0,0,0,0,0,0,0,0,7,1.12
Belgica Mound,OM,21,56-60,03/10/2011,08:12:00,-11.6988,51.5065,08:17:00,-11.6987,51.5054,128.26,1.14,143.75,814.1135,0,0,0,100,100,0,4,0.54,4,0.03,1,0,0,0,0,0,0,0,0,0,0,0,0,0,0,0,0,0,0,9,0.58
Belgica Mound,OM,21,61-65,03/10/2011,08:17:00,-11.6987,51.5054,08:22:00,-11.6992,51.5039,185.15,2.37,433.56,817.2155,0,0,0,100,100,0,4,0.78,4,0.02,2,0,0,0,0,0,0,0,0,0,0,0,0,0,0,0,0,0,0,10,0.8
Belgica Mound,OM,21,66-70,03/10/2011,08:22:00,-11.6992,51.5039,08:27:00,-11.7002,51.5023,184.63,2.538,471.2,822.303,0,0,0,100,100,0,1,0.12,4,0.09,0,0,0,0,0,0,0,0,0,0,0,0,0,0,0,0,0,0,0,5,0.21
Belgica Mound,OM,21,71-73,03/10/2011,08:27:00,-11.7002,51.5023,08:30:00,-11.7009,51.5014,112.08,2.813333333,324.74,826.9458333,0,0,0,100,100,0,1,0.1,1,0,0,0,0,0,0,0,0,0,0,0,0,0,0,0,0,0,0,0,0,2,0.1
Belgica Mound,GM,28,1-5,03/10/2011,18:50:00,-11.739,51.4521,18:55:00,-11.739,51.4521,103.88,1.482,149.11,917.0825,1.6,3.6,5.4,94.2,93.442,1.054,3,0.5,3,0.06,2,0,0,0,0,0,0,0,0,0,0,0,0,0,0,0,0,0,0,8,0.57
Belgica Mound,GM,28,6-10,03/10/2011,18:55:00,-11.739,51.4521,19:00:00,-11.7418,51.4518,195.46,2.476,502.5,921.1585,0.2,11.4,12.2,86.8,72.36,15.036,2,0.99,0,0,3,0,0,0,0,0,0,0,0,0,0,0,0,0,0,0,0,0,0,5,0.99
Belgica Mound,GM,28,11-15,03/10/2011,19:00:00,-11.7418,51.4518,19:05:00,-11.7438,51.4517,135.58,1.876,255.7,914.448,0,9.4,9.6,89.4,71.608,18.418,5,2.53,0,0,1,1,1.2,0,0,0,0,0,0,0,0,0,0,0,0,0,0,0,0,7,3.73
Belgica Mound,GM,28,16-20,03/10/2011,19:05:00,-11.7438,51.4517,19:10:00,-11.7453,51.4518,124.87,1.354,172.96,904.8485,2.2,27.6,30,69.2,55.93,13.648,7,0.82,0,0,0,0,0,0,0,1,0.18,0,0,0,0,0,0,0,0,0,0,0,0,8,1
Belgica Mound,GM,28,21-25,03/10/2011,19:10:00,-11.7453,51.4518,19:15:00,-11.7474,51.4517,149.44,2.056,311.4,881.7885,1,19.2,20.4,78.6,62.402,16.874,8,0.88,2,0.04,1,0,0,0,0,0,0,0,0,0,0,0,0,0,0,0,0,0,0,11,0.92
Belgica Mound,GM,28,26-30,03/10/2011,19:15:00,-11.7474,51.4517,19:20:00,-11.7495,51.4517,153.35,1.778,270.05,831.875,0.8,21.4,22.6,76.4,61.78,14.928,8,0.9,17,0.19,4,1,0,0,0,0,0,0,0,0,0,0,0,0,0,0,0,0,0,30,1.09
Belgica Mound,GM,28,31-35,03/10/2011,19:20:00,-11.7495,51.4517,19:25:00,-11.7513,51.4517,134.82,1.476,203.88,799.4735,6.4,45.6,52.6,46.4,25.544,21.38,5,0.62,0,0,0,0,0,0,0,0,0,0,0,0,0,0,0,0,0,0,0,0,0,5,0.62
Belgica Mound,GM,28,36-40,03/10/2011,19:25:00,-11.7513,51.4517,19:30:00,-11.753,51.4518,121.72,1.882,231.39,787.788,9.6,70.4,80.6,18.6,6.512,12.53,9,2.4,2,0.02,0,0,0,0,0,0,0,0,0,0,0,0,0,0,0,0,0,0,0,11,2.42
Belgica Mound,GM,28,41-45,03/10/2011,19:30:00,-11.753,51.4518,19:35:00,-11.7551,51.4517,153.35,1.854,294.69,795.8175,3.2,26.6,30,69.2,8.41,60.974,12,2.13,0,0,0,0,0,0,0,0,0,1,16.06,0,0,0,0,0,0,0,0,0,0,13,18.19
Belgica Mound,GM,28,46-49,03/10/2011,19:35:00,-11.7551,51.4517,19:39:00,-11.7565,51.4518,83.16,2.145,180.08,846.6225,1.75,31.75,33.75,40.75,13.57666667,41.02333333,10,1.69,0,0,0,0,0,0,0,0,0,1,17.09,0,0,0,0,0,0,0,0,0,0,11,18.78
Belgica Mound,TM,37,1-5,22/10/2009,15:04:26,-11.76336033,51.42738715,15:09:27,-11.763941,51.42713,67.94,3.58,243.39,957.88,0,6,6,93.2,NA,NA,1,0.03,0,0,0,0,0,0,0,1,0.09,0,0,0,0,0,0,0,0,0,0,0,0,2,0.12
Belgica Mound,TM,37,6-10,22/10/2009,15:09:27,-11.763941,51.42713,15:14:27,-11.765001,51.427078,93.99,2.97,278.89,961.51,0,6.8,6.8,92.4,NA,NA,5,0.35,1,0.01,0,1,0.04,0,0,0,0,0,0,0,0,0,0,0,0,0,0,0,0,7,0.4
Belgica Mound,TM,37,11-15,22/10/2009,15:14:27,-11.765001,51.427078,15:19:27,-11.765882,51.427366,81.63,1.1,90.12,960.85,0.2,13.8,14.2,84.8,NA,NA,6,0.34,0,0,0,0,0,0,0,0,0,0,0,0,0,0,0,0,0,0,0,0,0,6,0.34
Belgica Mound,TM,37,16-20,22/10/2009,15:19:27,-11.765882,51.427366,15:24:27,-11.767011,51.427344,89.64,2.21,197.95,953.26,0,4.4,4.4,95,NA,NA,7,0.37,0,0,0,0,0,0,0,0,0,0,0,0,0,0,0,0,0,0,0,0,0,7,0.37
Belgica Mound,TM,37,21-25,22/10/2009,15:24:27,-11.767011,51.427344,15:29:27,-11.768676,51.42752,124.53,2.75,342.72,940.39,0,11,11,88,NA,NA,8,0.67,0,0,0,0,0,0,0,0,0,0,0,0,0,0,0,0,0,0,0,0,0,8,0.67
Belgica Mound,TM,37,26-30,22/10/2009,15:29:27,-11.768676,51.42752,15:34:27,-11.769982,51.427315,116.24,1.53,178.02,935.13,1,22.6,24.2,75.4,NA,NA,7,0.49,0,0,0,0,0,0,0,0,0,0,0,0,0,0,0,0,0,0,0,0,0,7,0.49
Belgica Mound,TM,37,31-35,22/10/2009,15:34:27,-11.769982,51.427315,15:39:27,-11.771118,51.427507,110.85,2.67,296.48,942.37,1.4,43.4,45.4,53.8,NA,NA,11,0.85,0,0,0,1,0.07,0,0,0,0,0,0,0,0,0,0,0,0,0,0,0,0,12,0.92
Belgica Mound,TM,37,36-40,22/10/2009,15:39:27,-11.771118,51.427507,15:44:27,-11.772923,51.427483,139.86,2.47,344.92,973.485,3.4,36.4,40.2,59,NA,NA,7,0.2,0,0,0,0,0,0,0,1,0.05,0,0,0,0,0,0,0,0,0,0,0,0,8,0.25
Belgica Mound,TM,37,41-45,22/10/2009,15:44:27,-11.772923,51.427483,15:49:27,-11.774052,51.42739,137.85,1.7,233.71,988.605,22,60.4,82.4,17,NA,NA,4,0.24,0,0,0,1,0.83,0,0,3,0.52,0,0,0,0,0,0,0,0,0,0,0,0,8,1.6
Belgica Mound,TM,37,46-50,22/10/2009,15:49:27,-11.774052,51.42739,15:54:27,-11.775138,51.427721,114.21,3.156,362.36,1013.45,13.6,57.6,71.6,28,NA,NA,7,0.91,0,0,0,0,0,0,0,1,0.26,0,0,0,0,0,0,0,0,0,0,0,0,8,1.17
Belgica Mound,TM,37,51-55,22/10/2009,15:54:27,-11.775138,51.427721,15:59:27,-11.77616,51.427623,126.24,3.316,407.46,1007.84,14.2,64.2,78.8,20.2,NA,NA,4,0.25,0,0,0,3,0.84,0,0,0,0,0,0,0,0,0,0,0,0,0,0,0,0,7,1.1
Belgica Mound,TM,37,56-60,22/10/2009,15:59:27,-11.77616,51.427623,16:04:27,-11.777151,51.426664,150.04,2.97,445.21,985.82,10,58.4,68.6,30.6,NA,NA,7,0.57,0,0,0,0,0,0,0,0,0,0,0,0,0,0,0,0,0,0,0,0,0,7,0.57
Belgica Mound,TM,37,61-65,22/10/2009,16:04:27,-11.777151,51.426664,16:09:27,-11.778821,51.427324,180.5,2.79,504.07,996.65,1.6,24.8,27,72.8,NA,NA,8,0.76,0,0,0,1,0.49,0,0,0,0,0,0,0,0,0,0,0,0,0,0,0,0,9,1.26
Belgica Mound,TM,37,66-70,22/10/2009,16:09:27,-11.778821,51.427324,16:14:27,-11.780298,51.427901,141.09,3.17,446.57,1007.84,2.6,9.6,12.4,86.6,NA,NA,9,0.77,0,0,0,2,0.95,0,0,0,0,0,0,0,0,0,0,0,0,0,0,0,0,11,1.71
Belgica Mound,TM,37,71-75,22/10/2009,16:14:27,-11.780298,51.427901,16:19:27,-11.782083,51.427636,140.36,1.51,211.55,1017.74,2.2,13.6,16.4,82.8,NA,NA,1,0.22,0,0,0,0,0,0,0,0,0,0,0,0,0,0,0,0,0,0,0,0,0,1,0.22
Belgica Mound,TM,37,76-80,22/10/2009,16:19:27,-11.782083,51.427636,16:24:27,-11.784363,51.427561,162.73,2.79,454.43,1024.01,1.2,4.4,5.8,93.8,NA,NA,3,0.18,1,0,0,0,0,0,0,0,0,0,0,0,0,0,0,0,0,0,0,0,0,4,0.18
Belgica Mound,TM,37,81-85,22/10/2009,16:24:27,-11.784363,51.427561,16:29:27,-11.785659,51.428372,145.52,2.71,394.74,1025.32,0,5.2,5.2,94.2,NA,NA,5,0.29,0,0,0,0,0,0,0,0,0,0,0,0,0,0,0,0,0,0,0,0,0,5,0.29
Belgica Mound,TM,37,86-90,22/10/2009,16:29:27,-11.785659,51.428372,16:34:27,-11.78722,51.428305,114.31,1.94,221.52,1026.92,3.2,6.4,9.6,89.4,NA,NA,3,0.13,0,0,1,0,0,0,0,0,0,0,0,0,0,0,0,0,0,0,0,0,0,4,0.13
Belgica Mound,TM,37,91,22/10/2009,16:34:27,-11.78722,51.428305,16:35:27,-11.787593,51.428389,27.49,3.17,87,1029.85,0,7,7,92,NA,NA,0,0,0,0,0,0,0,0,0,0,0,0,0,0,0,0,0,0,0,0,0,0,0,0,0
Belgica Mound,GM,42,1-5,23/10/2009,10:39:15,-11.759954,51.461812,10:44:30,-11.759147,51.460867,160.06,2.266,360.05,943.24,0.6,28.1,28.9,70.9,NA,NA,1,0.07,0,0,0,0,0,0,0,0,0,0,0,0,0,0,0,0,0,0,0,0,0,1,0.07
Belgica Mound,GM,42,6-10,23/10/2009,10:44:30,-11.759147,51.460867,10:49:30,-11.758315,51.459738,143.85,1.276,183.59,927.07,3,23.6,26.8,72.8,NA,NA,1,0.03,0,0,0,0,0,0,0,0,0,0,0,0,0,0,0,0,0,0,0,0,0,1,0.03
Belgica Mound,GM,42,11-15,23/10/2009,10:49:30,-11.758315,51.459738,10:54:30,-11.757541,51.458369,165.97,1.314,221.68,905.75,7.6,39,47,52.8,NA,NA,3,0.09,0,0,0,0,0,0,0,1,0.01,0,0,0,0,0,0,0,0,0,0,0,0,4,0.1
Belgica Mound,GM,42,16-20,23/10/2009,10:54:30,-11.757541,51.458369,10:59:30,-11.756655,51.457069,157.27,2.052,330.41,881.06,14.6,46.4,61.2,38.4,NA,NA,3,0.26,0,0,0,1,0,0,0,0,0,0,0,0,0,0,0,0,0,0,0,0,0,4,0.26
Belgica Mound,GM,42,21-25,23/10/2009,10:59:30,-11.756655,51.457069,11:04:30,-11.755925,51.455964,134.02,1.208,159.02,854.25,13.4,56,70,29.2,NA,NA,3,0.25,0,0,0,1,3.98,0,0,1,0.11,0,0,0,0,0,0,0,0,0,0,0,0,5,4.34
Belgica Mound,GM,42,26-30,23/10/2009,11:04:30,-11.755925,51.455964,11:09:30,-11.754864,51.454565,172.1,2.606,453.65,824.96,15.6,55,71,28.4,NA,NA,5,0.49,0,0,0,0,0,0,0,0,0,0,0,0,0,0,0,0,0,0,0,0,0,5,0.49
Belgica Mound,GM,42,31-35,23/10/2009,11:09:30,-11.754864,51.454565,11:14:30,-11.753515,51.453485,153.32,1.656,266.77,815.17,13.2,77.6,90.8,8.4,NA,NA,7,0.5,0,0,0,0,0,0,0,0,0,0,0,0,0,0,0,0,0,0,0,0,0,7,0.5
Belgica Mound,GM,42,36-40,23/10/2009,11:14:30,-11.753515,51.453485,11:19:30,-11.75252,51.452226,160.5819072,2.68,439.4002928,637.94,11.8,64,76.2,3.4,NA,NA,5,0.46,0,0,0,0,0,0,0,0,0,2,7.6,0,0,0,0,0,0,0,0,0,0,7,8.06
Belgica Mound,GM,42,41-45,23/10/2009,11:19:30,-11.75252,51.452226,11:24:30,-11.752443,51.450821,159.76,1.806,286.66,786.8,10.8,82.2,93.4,5.6,NA,NA,5,0.37,0,0,0,0,0,0,0,1,0.43,2,28.07,0,0,0,0,0,0,0,0,0,0,8,28.87
Belgica Mound,GM,42,46-50,23/10/2009,11:24:30,-11.752443,51.450821,11:29:30,-11.752428,51.449202,183.57,1.758,322.13,796.28,16.4,76.2,93.2,6,NA,NA,12,0.67,0,0,1,1,0.47,0,0,2,0.66,5,75.83,0,0,0,0,0,0,0,0,1,0,22,77.62
Belgica Mound,GM,42,51-55,23/10/2009,11:29:30,-11.752428,51.449202,11:34:30,-11.751385,51.447562,197.06,2.916,576.94,838.06,22.2,66,88.8,10.6,NA,NA,7,0.59,0,0,0,0,0,0,0,0,0,2,34.01,0,0,0,0,0,0,0,0,0,0,9,34.6
Belgica Mound,GM,42,56-60,23/10/2009,11:34:30,-11.751385,51.447562,11:39:30,-11.750309,51.445665,223.73,3.268,731.55,874.96,3.4,43.6,47.2,51.8,NA,NA,20,2.34,0,0,0,0,0,0,0,0,0,0,0,0,0,0,0,0,0,0,0,0,0,20,2.34
Belgica Mound,GM,42,61-65,23/10/2009,11:39:30,-11.750309,51.445665,11:44:30,-11.749322,51.443627,237.02,2.21,522.92,887.77,7.8,25.2,33.8,65.4,NA,NA,11,0.48,0,0,0,0,0,0,0,0,0,0,0,0,0,0,0,0,0,0,0,0,0,11,0.48
Belgica Mound,GM,42,66-70,23/10/2009,11:44:30,-11.749322,51.443627,11:49:30,-11.748379,51.441571,237.87,2.798,665.9,896.62,1.8,11,13,86.4,NA,NA,12,0.89,0,0,0,4,1.61,1,0.67,0,0,0,0,0,0,0,0,0,0,0,0,0,0,17,3.16
Belgica Mound,GM,42,71-75,23/10/2009,11:49:30,-11.748379,51.441571,11:54:30,-11.747449,51.439613,227.14,2.182,496.07,911.82,0,3.4,3.4,95.8,NA,NA,5,0.45,0,0,0,3,1.96,1,0.26,0,0,0,0,0,0,0,0,0,0,0,0,0,0,9,2.66
Belgica Mound,GM,42,76-80,23/10/2009,11:54:30,-11.747449,51.439613,11:59:30,-11.746598,51.437796,210.57,2.194,461.59,919.45,0.2,0.6,1.2,98,NA,NA,5,0.35,0,0,0,0,0,1,0.19,0,0,0,0,0,0,0,0,0,0,0,0,0,0,6,0.54
Belgica Mound,GM,42,81-85,23/10/2009,11:59:30,-11.746598,51.437796,12:04:30,-11.745564,51.435997,212.71,1.138,240.53,925.55,0.6,0.8,1.8,97.2,NA,NA,7,0.67,1,0.02,0,1,0.5,0,0,0,0,0,0,0,0,0,0,0,0,0,0,0,0,9,1.19
Belgica Mound,GM,42,86-90,23/10/2009,12:04:30,-11.745564,51.435997,12:09:29,-11.744498,51.434197,213.48,1.338,285.29,931.03,0,0.2,0.4,99.4,NA,NA,4,0.5,0,0,0,0,0,0,0,0,0,0,0,0,0,0,0,0,0,0,0,0,0,4,0.5
Belgica Mound,GM,42,91,23/10/2009,12:09:29,-11.744498,51.434197,12:10:29,-11.74446,51.433855,38.16,1.71,65.29,935,0,0,0,99,NA,NA,0,0,0,0,0,0,0,0,0,0,0,0,0,0,0,0,0,0,0,0,0,0,0,0,0
Belgica Mound,PM,47,1-5,23/10/2009,19:10:30,-11.69304063,51.46015692,19:15:30,-11.694931,51.459355,159.41,2.97,473.01,705.07,0,0,0,100,NA,NA,3,0.1,0,0,0,0,0,0,0,0,0,0,0,0,0,0,0,0,0,0,0,0,0,3,0.1
Belgica Mound,PM,47,6-10,23/10/2009,19:15:30,-11.694931,51.459355,19:20:30,-11.697067,51.458427,181.8,2.09,379.36,688.24,0,0,0,100,NA,NA,3,0.23,0,0,0,0,0,0,0,0,0,0,0,0,0,0,0,0,0,0,0,0,0,3,0.23
Belgica Mound,PM,47,11-15,23/10/2009,19:20:30,-11.697067,51.458427,19:25:30,-11.69896,51.457515,167.44,2.26,378.53,684.1,0,0,0,100,NA,NA,3,0.24,0,0,1,2,1.67,0,0,1,0.09,0,0,0,0,0,0,0,0,0,0,0,0,7,1.99
Belgica Mound,PM,47,16-20,23/10/2009,19:25:30,-11.69896,51.457515,19:30:30,-11.700725,51.456591,160.48,2.04,327.71,682.38,0,0,0,100,NA,NA,7,0.9,0,0,0,2,1.05,0,0,0,0,0,0,0,0,0,0,7,22.3,0,0,0,0,16,24.24
Belgica Mound,PM,47,21-25,23/10/2009,19:30:30,-11.700725,51.456591,19:35:30,-11.702736,51.455436,190.83,2.75,525.18,684.35,0,0,0,100,NA,NA,12,2.19,0,0,0,0,0,0,0,0,0,0,0,0,0,0,0,2,8.22,0,0,0,0,14,10.41
Belgica Mound,PM,47,26-30,23/10/2009,19:35:30,-11.702736,51.455436,19:40:30,-11.701472,51.454322,165.7,0.84,138.61,681.9,0,0,0,100,NA,NA,2,0.26,0,0,0,0,0,0,0,0,0,0,0,0,0,0,0,0,0,0,0,0,0,2,0.26
Belgica Mound,PM,47,31-35,23/10/2009,19:40:30,-11.701472,51.454322,19:45:30,-11.700808,51.45351,109.67,2.57,281.41,698.49,0,0,0,100,NA,NA,3,0.43,0,0,0,0,0,0,0,2,0.47,0,0,0,0,0,0,0,0,0,0,0,0,5,0.91
Belgica Mound,PM,47,36-40,23/10/2009,19:45:30,-11.700808,51.45351,19:50:30,-11.700496,51.452068,167.16,3.17,529.06,722.64,0,0,0,100,NA,NA,8,1.16,0,0,0,0,0,0,0,1,0.22,0,0,0,0,0,0,4,9.19,0,0,0,0,13,10.57
Belgica Mound,PM,47,41-45,23/10/2009,19:50:30,-11.700496,51.452068,19:55:30,-11.70047,51.450783,149.77,3.72,557.7,736.53,0,0,0,100,NA,NA,2,0.26,0,0,0,1,1.35,0,0,0,0,0,0,0,0,0,0,0,0,0,0,0,0,3,1.61
Belgica Mound,PM,47,46-50,23/10/2009,19:55:30,-11.70047,51.450783,20:00:30,-11.698488,51.448608,285.01,1.9,541.21,720.46,0,0,0,80,NA,NA,4,0.4,0,0,0,0,0,0,0,0,0,0,0,1,0.13,0,0,0,0,0,0,0,0,5,0.53
Belgica Mound,PM,47,51-55,23/10/2009,20:00:30,-11.698488,51.448608,20:05:30,-11.698101,51.448231,112.48,1.77,199.63,691.88,0,0,0,100,NA,NA,0,0,0,0,0,0,0,0,0,0,0,1,20.53,0,0,0,0,0,0,0,0,0,0,1,20.53
Belgica Mound,PM,47,56-60,23/10/2009,20:05:30,-11.698101,51.448231,20:10:30,-11.700665,51.447519,197.84,1.67,329.58,697.5,0,0,0,60,NA,NA,4,0.38,0,0,0,0,0,0,0,0,0,0,0,1,0.43,0,0,0,0,0,0,0,0,5,0.81
Belgica Mound,PM,47,61-65,23/10/2009,20:10:30,-11.700665,51.447519,20:15:30,-11.703987,51.447247,233.12,2.29,533.37,725.57,0,0,0,100,NA,NA,1,0.35,0,0,0,0,0,0,0,0,0,0,0,0,0,0,0,0,0,0,0,0,0,1,0.35
Belgica Mound,PM,47,66-70,23/10/2009,20:15:30,-11.703987,51.447247,20:20:30,-11.707227,51.447183,224.68,2.6,584.49,763.11,0,0,0,100,NA,NA,5,0.83,0,0,0,1,1.46,0,0,0,0,0,0,0,0,0,0,0,0,0,0,0,0,6,2.29
Belgica Mound,PM,47,71-75,23/10/2009,20:20:30,-11.707227,51.447183,20:25:30,-11.710308,51.447079,214.01,1.96,418.99,788.76,0,0,0,100,NA,NA,1,0.05,0,0,0,0,0,0,0,0,0,0,0,0,0,0,0,0,0,0,0,0,0,1,0.05
Belgica Mound,PM,47,76-80,23/10/2009,20:25:30,-11.710308,51.447079,20:30:30,-11.713573,51.446997,227.52,2.37,540.1,817.77,0,0,0,100,NA,NA,4,0.28,0,0,0,1,0.84,0,0,0,0,0,0,0,0,0,0,0,0,0,0,0,0,5,1.12
Belgica Mound,PM,47,81-85,23/10/2009,20:30:30,-11.713573,51.446997,20:35:30,-11.71655,51.447026,206.54,2.222,459.16,839.72,0,0,0,100,NA,NA,2,0.25,0,0,0,0,0,0,0,0,0,0,0,0,0,0,0,0,0,0,0,0,0,2,0.25
Belgica Mound,GM,59,1-5,25/10/2009,19:18:36,-11.747364,51.454212,19:23:37,-11.749101,51.454279,121.31,3.01,365.68,863.77,23.6,59.2,83.4,16.6,0,0,4,0.31,1,0.13,0,0,0,0,0,0,0,0,0,0,0,0,0,0,0,0,0,0,0,5,0.43
Belgica Mound,GM,59,6-10,25/10/2009,19:23:37,-11.749101,51.454279,19:28:37,-11.75013,51.454143,73.74,2.21,162.83,844.83,46.2,53.2,100,0,0,0,4,0.31,0,0,0,1,1.19,0,0,0,0,1,23.02,0,0,0,0,0,0,0,0,0,0,6,24.53
Belgica Mound,GM,59,11-15,25/10/2009,19:28:37,-11.75013,51.454143,19:33:37,-11.752968,51.454124,197.17,1.37,269.37,811.65,63.6,35.6,100,0,0,0,7,0.56,0,0,0,1,0.9,0,0,0,0,0,0,0,0,0,0,0,0,0,0,0,0,8,1.46
Belgica Mound,GM,59,16-20,25/10/2009,19:33:37,-11.752968,51.454124,19:38:37,-11.755481,51.454173,175.09,3.39,593.72,809.11,18.6,80.8,100,0,0,0,5,0.31,0,0,0,0,0,1,0,0,0,6,100.82,0,0,0,0,0,0,0,0,0,0,12,101.13
Belgica Mound,GM,59,21-25,25/10/2009,19:38:37,-11.755481,51.454173,19:43:37,-11.757974,51.45417,173.04,4.04,699.19,884.68,21.2,58,80,20,0,0,2,0.07,0,0,0,1,14.87,0,0,0,0,1,6.22,0,0,0,0,0,0,0,0,0,0,4,21.16
Belgica Mound,GM,59,26-30,25/10/2009,19:43:37,-11.757974,51.45417,19:48:37,-11.760534,51.454115,177.68,3.01,535.56,922.42,35.8,63.6,100,0,0,0,7,0.46,0,0,0,0,0,0,0,1,0.19,1,16.07,0,0,0,0,0,0,0,0,0,0,9,16.72
Belgica Mound,GM,59,31-35,25/10/2009,19:48:37,-11.760534,51.454115,19:53:37,-11.762901,51.454137,164.17,1.13,185.58,950.47,18.6,71.8,90.8,8.8,0,0,5,0.39,0,0,0,0,0,0,0,1,0.95,0,0,0,0,0,0,0,0,0,0,0,0,6,1.34
Belgica Mound,GM,59,36-40,25/10/2009,19:53:37,-11.762901,51.454137,19:58:37,-11.764804,51.454226,132.62,2.13,282.97,958.63,14.6,84.4,100,0,0,0,6,0.29,0,0,0,1,0.82,0,0,0,0,0,0,0,0,0,0,0,0,0,0,0,0,7,1.11
Belgica Mound,GM,59,41-45,25/10/2009,19:58:37,-11.764804,51.454226,20:03:37,-11.766877,51.454321,144.72,2.23,323.32,968.32,5,39.6,45.2,54.4,0,0,5,0.23,0,0,0,0,0,0,0,0,0,0,0,0,0,0,0,0,0,0,0,0,0,5,0.23
Belgica Mound,GM,59,46-50,25/10/2009,20:03:37,-11.766877,51.454321,20:08:37,-11.769092,51.45435,154.04,1.04,159.85,972.91,5.6,25.4,31.6,67.6,NA,NA,5,0.61,0,0,0,0,0,0,0,0,0,0,0,0,0,0,0,0,0,0,0,0,0,5,0.61
Belgica Mound,GM,59,51-55,25/10/2009,20:08:37,-11.769092,51.45435,20:13:37,-11.771322,51.454326,154.8,0.84,130.06,977.5,1,3.6,4.8,94.6,NA,NA,3,0.25,0,0,0,0,0,0,0,0,0,0,0,0,0,0,0,0,0,0,0,0,0,3,0.25
Belgica Mound,GM,59,56-60,25/10/2009,20:13:37,-11.771322,51.454326,20:18:37,-11.773744,51.45437,168.15,2.32,389.44,978.01,2.6,24.8,27.4,71.6,NA,NA,6,0.52,0,0,0,1,0.61,0,0,1,0.76,0,0,0,0,0,0,0,0,0,0,0,0,8,1.89
Belgica Mound,GM,59,61-65,25/10/2009,20:18:37,-11.773744,51.45437,20:23:37,-11.776076,51.45437,161.81,1.54,249.8,983.11,2.8,17.4,20.2,78.8,NA,NA,9,0.8,0,0,0,0,0,0,0,0,0,0,0,0,0,0,0,0,0,0,0,0,0,9,0.8
Belgica Mound,GM,59,66-70,25/10/2009,20:23:37,-11.776076,51.45437,20:28:36,-11.778102,51.454281,140.84,3.174,446.25,990.25,8.8,23,32.2,67.4,NA,NA,2,0.29,0,0,0,0,0,0,0,0,0,0,0,0,0,0,0,0,0,0,0,0,0,2,0.29
Belgica Mound,TM,64,1-5,26/10/2009,12:30:39,-11.760157,51.436556,12:35:39,-11.760801,51.435541,151.87,3.58,544.2,953.86,1.4,2.6,4.2,95.6,NA,NA,3,0.19,0,0,0,1,1.06,0,0,1,0.2,0,0,0,0,0,0,0,0,0,0,0,0,5,1.45
Belgica Mound,TM,64,6-10,26/10/2009,12:35:39,-11.760801,51.435541,12:40:39,-11.762755,51.43472,169.72,1.6,270.85,935.18,0,0,0,100,NA,NA,3,0.44,0,0,0,0,0,0,0,0,0,0,0,0,0,0,0,0,0,0,0,0,0,3,0.44
Belgica Mound,TM,64,11-15,26/10/2009,12:40:39,-11.762755,51.43472,12:45:39,-11.76452,51.43319,235.61,1.6,375.96,935.18,0,0,0,100,NA,NA,2,0.28,1,0.03,0,0,0,0,0,0,0,0,0,0,0,0,0,0,0,0,0,0,0,3,0.31
Belgica Mound,TM,64,16-20,26/10/2009,12:45:39,-11.76452,51.43319,12:50:39,-11.766602,51.431556,206.39,2.376,496.9,909.3,0,10.6,10.6,89.2,NA,NA,9,1.39,0,0,0,0,0,0,0,0,0,0,0,0,0,0,0,0,0,0,0,0,0,9,1.39
Belgica Mound,TM,64,21-25,26/10/2009,12:50:39,-11.766602,51.431556,12:55:39,-11.768838,51.430401,234.47,2.864,658.44,916.69,43,26.8,70.2,29.6,NA,NA,5,0.29,0,0,0,1,0.5,1,1.2,0,0,0,0,0,0,0,0,0,0,0,0,0,0,7,1.99
Belgica Mound,TM,64,26-30,26/10/2009,12:55:39,-11.768838,51.430401,13:00:39,-11.770586,51.428919,196.9,4.63,911.98,916.7,3.8,46.4,50.2,49,NA,NA,8,0.33,0,0,0,0,0,0,0,0,0,0,0,0,0,0,0,0,0,0,0,0,0,8,0.33
Belgica Mound,TM,64,31-35,26/10/2009,13:00:39,-11.770586,51.428919,13:05:39,-11.773,51.427661,224.56,2.57,576.25,924.08,3.8,13.2,17.6,61.8,NA,NA,5,0.25,0,0,0,0,0,0,0,0,0,0,0,0,0,0,0,0,0,0,0,0,0,5,0.25
Belgica Mound,TM,64,36-40,26/10/2009,13:05:39,-11.773,51.427661,13:10:39,-11.774221,51.426349,226.29,2.99,661.67,937.78,1.6,19,20.6,39.2,NA,NA,21,3.62,0,0,0,0,0,1,0.02,0,0,0,0,0,0,0,0,0,0,0,0,0,0,22,3.64
Belgica Mound,TM,64,41-45,26/10/2009,13:10:39,-11.774221,51.426349,13:15:39,-11.776071,51.425328,165.95,1.22,202.01,977.12,9.4,47,57,23,NA,NA,17,1.8,0,0,0,1,4.6,0,0,1,0.45,0,0,0,0,0,0,0,0,0,0,0,0,19,6.84
Belgica Mound,TM,64,46-50,26/10/2009,13:15:39,-11.776071,51.425328,13:20:39,-11.77736,51.423967,228.99,2,457.75,987.14,20.4,67.6,88.4,10.8,NA,NA,9,0.79,1,0.01,2,0,0,0,0,0,0,0,0,0,0,0,0,0,0,0,0,0,0,12,0.81
Belgica Mound,TM,64,51-55,26/10/2009,13:20:39,-11.77736,51.423967,13:25:39,-11.778247,51.422751,173.11,2.04,353.49,1004.3,5.2,76,82,17.4,NA,NA,7,0.92,1,0,0,0,0,2,0.4,0,0,0,0,0,0,0,0,0,0,0,0,0,0,10,1.32
Belgica Mound,TM,64,56-60,26/10/2009,13:25:39,-11.778247,51.422751,13:30:39,-11.778418,51.422883,64.82,2.32,150.13,1008.6,0.6,22.8,23.4,75.8,NA,NA,4,0.38,0,0,0,1,0.92,0,0,1,0.5,0,0,0,0,0,0,0,0,0,0,0,0,6,1.8
Belgica Mound,TM,64,61-65,26/10/2009,13:30:39,-11.778418,51.422883,13:35:39,-11.778237,51.422018,93.19,2.37,221.22,1010.58,0.2,9.6,9.8,89.2,NA,NA,1,0.16,1,0.02,1,0,0,0,0,0,0,0,0,0,0,0,0,0,0,0,0,0,0,3,0.18
Belgica Mound,TM,64,66-70,26/10/2009,13:35:39,-11.778237,51.422018,13:40:39,-11.778796,51.422151,145.03,1.84,267.4,1012.78,0.2,7.4,7.8,91.6,NA,NA,3,0.23,0,0,0,1,0.84,0,0,0,0,0,0,0,0,0,0,0,0,0,0,0,0,4,1.07
Belgica Mound,TM,64,71-75,26/10/2009,13:40:39,-11.778796,51.422151,13:45:39,-11.779512,51.42134,134.2,2.47,330.94,1017.55,0.2,2,2.6,97,NA,NA,0,0,0,0,0,0,0,0,0,0,0,0,0,0,0,0,0,0,0,0,0,0,0,0,0
Belgica Mound,TM,64,76-80,26/10/2009,13:45:39,-11.779512,51.42134,13:50:39,-11.779603,51.420835,91.08,1.96,178.31,1019.72,0,0,0,99.4,NA,NA,0,0,0,0,0,0,0,0,0,0,0,0,0,0,0,0,0,0,0,0,0,0,0,0,0
Hatton Bank,LK,33,1-5,24/06/2008,09:20:01,-18.65798,58.729914,09:25:01,-18.658426,58.730118,88.99,3.178,275.95,788.55,0,27.2,27.2,71.8,NA,NA,7,0.15,0,0,0,0,0,0,0,0,0,0,0,0,0,0,0,0,0,0,0,0,0,7,0.15
Hatton Bank,LK,33,6-10,24/06/2008,09:25:01,-18.658426,58.730118,09:30:01,-18.660183,58.730973,147.2,2.256,332.03,786.69,0,36,36.4,63,NA,NA,8,0.33,1,0.01,1,0,0,0,0,0,0,0,0,1,1.92,0,0,0,0,0,0,0,0,11,2.28
Hatton Bank,LK,33,11-15,24/06/2008,09:30:01,-18.660183,58.730973,09:35:01,-18.662692,58.731514,152.6,1.786,264.37,783.9,0.4,69.6,70.6,29,NA,NA,8,0.37,0,0,0,0,0,0,0,0,0,0,0,0,0,0,0,0,0,0,0,0,0,8,0.37
Hatton Bank,LK,33,16-20,24/06/2008,09:35:01,-18.662692,58.731514,09:40:01,-18.663952,58.732581,142.26,2.262,327.34,784.21,0,52.6,52.6,46.4,NA,NA,8,0.43,0,0,0,0,0,0,0,0,0,0,0,0,0,0,0,0,0,0,0,1,0,9,0.43
Hatton Bank,LK,33,21-25,24/06/2008,09:40:01,-18.663952,58.732581,09:45:01,-18.665017,58.73315,73.49,1.92,136.07,780.8,0,4.4,4.4,94.6,NA,NA,6,0.16,0,0,2,0,0,0,0,0,0,0,0,0,0,0,0,0,0,0,0,0,0,8,0.16
Hatton Bank,LK,33,26-30,24/06/2008,09:45:01,-18.665017,58.73315,09:50:01,-18.666048,58.733684,111.94,1.886,219.31,780.8,0.2,33.8,34.2,64.8,NA,NA,4,0.11,1,0.01,0,0,0,0,0,0,0,0,0,0,0,0,0,0,0,0,0,0,0,5,0.12
Hatton Bank,LK,33,31-35,24/06/2008,09:50:01,-18.666048,58.733684,09:55:01,-18.667295,58.734586,140.08,2.03,294.95,780.8,0,84.2,84.8,14.2,NA,NA,6,0.11,0,0,1,1,0.07,0,0,0,0,0,0,0,0,1,0.53,0,0,0,0,0,0,9,0.71
Hatton Bank,LK,33,36-40,24/06/2008,09:55:01,-18.667295,58.734586,10:00:01,-18.669347,58.735205,118.89,1.942,235.3,780.8,0.4,96.4,97,2.4,0,0,11,0.96,0,0,0,1,0.16,0,0,0,0,0,0,0,0,0,0,0,0,0,0,0,0,12,1.11
Hatton Bank,LK,33,41-45,24/06/2008,10:00:01,-18.669347,58.735205,10:05:01,-18.670051,58.735707,83.24,1.952,159.24,782.35,0,86.2,86.4,13.2,0,0,1,0.02,0,0,0,0,0,0,0,0,0,0,0,0,0,0,0,0,0,0,0,0,0,1,0.02
Hatton Bank,LK,33,46-50,24/06/2008,10:05:01,-18.670051,58.735707,10:10:01,-18.671931,58.736276,136.85,2.142,291.39,786.07,0,77.2,77.2,21.8,NA,NA,1,0.23,0,0,0,0,0,0,0,0,0,0,0,0,0,0,0,0,0,0,0,0,0,1,0.23
Hatton Bank,LK,33,51-52,24/06/2008,10:10:01,-18.671931,58.736276,10:12:01,-18.672219,58.736235,28.11,1.785,51.57,787,0,94,94,5,NA,NA,5,0.28,0,0,0,0,0,0,0,0,0,0,0,0,0,0,0,0,0,0,0,0,0,5,0.28
Hatton Bank,LK,35,1-5,24/06/2008,13:42:01,-18.653844,58.743126,13:47:01,-18.653889,58.743045,121.44,1.728,196.79,830.51,0,7.8,7.8,92,NA,NA,2,0,0,0,1,0,0,0,0,0,0,0,0,0,0,0,0,0,0,0,0,0,0,3,0
Hatton Bank,LK,35,6-10,24/06/2008,13:47:01,-18.653889,58.743045,13:52:01,-18.654421,58.742922,117.76,1.9,230.23,831.44,0,31.2,31.2,68,NA,NA,3,0.05,1,0.01,1,0,0,0,0,0,0,0,0,0,0,0,0,0,0,0,0,0,0,5,0.06
Hatton Bank,LK,35,11-15,24/06/2008,13:52:01,-18.654421,58.742922,13:57:01,-18.655144,58.74347,136.03,1.722,222.92,824.62,0,2.2,2.2,97.6,NA,NA,5,0.02,0,0,0,0,0,0,0,0,0,0,0,0,0,0,0,0,0,0,0,0,0,5,0.02
Hatton Bank,LK,35,16-20,24/06/2008,13:57:01,-18.655144,58.74347,14:02:01,-18.656157,58.74282,136.53,1.748,263.69,820.94,0,28.8,28.8,70.4,0,0,4,0.07,0,0,0,0,0,0,0,0,0,0,0,0,0,0,0,0,0,0,0,0,0,4,0.07
Hatton Bank,LK,35,21-25,24/06/2008,14:02:01,-18.656157,58.74282,14:07:01,-18.656502,58.742651,97.45,1.658,185.83,818.48,0,99.8,100,0,0,0,2,0.09,0,0,2,0,0,0,0,0,0,0,0,0,0,0,0,0,0,0,0,0,0,4,0.09
Hatton Bank,LK,35,26-30,24/06/2008,14:07:01,-18.656502,58.742651,14:12:01,-18.657653,58.742311,145.14,1.726,226.71,814.79,0,100,100,0,0,0,1,0.05,0,0,0,0,0,0,0,0,0,0,0,0,0,0,0,0,0,0,0,0,0,1,0.05
Hatton Bank,LK,35,31-35,24/06/2008,14:12:01,-18.657653,58.742311,14:17:01,-18.657999,58.7424,138.43,1.586,223.35,645.64,0,100,100,0,0,0,1,0.04,0,0,0,0,0,0,0,0,0,0,0,0,0,0,0,0,0,0,0,0,0,1,0.04
Hatton Bank,LK,35,36-40,24/06/2008,14:17:01,-18.657999,58.7424,14:22:01,-18.659631,58.741594,166.78,2.048,334.95,804.57,0,99.6,100,0,0,0,3,0.2,0,0,2,0,0,0,0,0,0,0,0,0,0,0,0,0,0,0,0,0,0,5,0.2
Hatton Bank,LK,35,41-45,24/06/2008,14:22:01,-18.659631,58.741594,14:27:01,-18.660212,58.741901,124.65,1.958,242.03,802.4,0,79.4,100,0,0,0,2,0.15,0,0,0,0,0,0,0,0,0,0,0,0,0,0,0,0,0,0,0,0,0,2,0.15
Hatton Bank,LK,35,46-50,24/06/2008,14:27:01,-18.660212,58.741901,14:32:01,-18.661464,58.74196,92.07,1.65,151.73,798.68,0,99.6,100,0,0,0,3,0.09,0,0,3,0,0,0,0,0,0,0,0,0,0,0,0,0,0,0,0,0,0,6,0.09
Hatton Bank,LK,35,51-55,24/06/2008,14:32:01,-18.661464,58.74196,14:37:01,-18.662529,58.74156,105.22,2.112,219.6,798.06,0,99.4,100,0,0,0,1,0.21,0,0,0,0,0,0,0,0,0,0,0,0,0,0,0,0,0,0,0,0,0,1,0.21
Hatton Bank,LK,35,56-58,24/06/2008,14:37:01,-18.662529,58.74156,14:40:01,-18.662614,58.741242,37.95,1.91,74.46,799.3,0,100,100,0,0,0,0,0,0,0,0,0,0,0,0,0,0,0,0,0,0,0,0,0,0,0,0,0,0,0,0
Hatton Bank,HK,36,1-5,24/06/2008,16:53:01,-18.525513,58.681285,16:58:01,-18.526377,58.681934,130.32,1.918,262.08,687.89,0,0,0,100,NA,NA,5,0.23,0,0,1,0,0,2,0.81,0,0,0,0,0,0,0,0,0,0,0,0,0,0,8,1.04
Hatton Bank,HK,36,6-10,24/06/2008,16:58:01,-18.526377,58.681934,17:03:01,-18.528948,58.682703,166.85,2.208,369.28,682.31,0,0,0,100,NA,NA,3,0.09,0,0,2,0,0,4,1.44,0,0,0,0,0,0,0,0,0,0,0,0,0,0,9,1.52
Hatton Bank,HK,36,11-15,24/06/2008,17:03:01,-18.528948,58.682703,17:08:01,-18.529609,58.682573,68.48,1.788,120.84,679.225,0,7,7,92.8,NA,NA,1,0.05,0,0,2,0,0,4,3.29,0,0,0,0,0,0,0,0,0,0,0,0,0,0,7,3.34
Hatton Bank,HK,36,16-20,24/06/2008,17:08:01,-18.529609,58.682573,17:13:01,-18.531258,58.682765,140.46,2.144,308.49,664.425,0,28,28,71.2,NA,NA,2,0.05,0,0,0,0,0,1,0.25,0,0,0,0,0,0,0,0,0,0,0,0,0,0,3,0.31
Hatton Bank,HK,36,21-25,24/06/2008,17:13:01,-18.531258,58.682765,17:18:01,-18.533851,58.683606,181.14,2.348,423.99,664.735,0,0,0,100,NA,NA,8,0.21,0,0,0,0,0,1,0.08,0,0,0,0,0,0,0,0,0,0,0,0,0,0,9,0.28
Hatton Bank,HK,36,26-30,24/06/2008,17:18:01,-18.533851,58.683606,17:23:01,-18.536543,58.684293,178.64,2.768,491.26,675.85,0,0.4,0.4,99.4,NA,NA,6,0.24,0,0,0,0,0,0,0,0,0,0,0,0,0,0,0,0,0,0,0,0,0,6,0.24
Hatton Bank,HK,36,31-35,24/06/2008,17:23:01,-18.536543,58.684293,17:28:01,-18.539196,58.68494,168.11,2.552,431.22,686.965,0,6.4,6.4,92.6,NA,NA,6,0.36,0,0,0,0,0,1,0.06,0,0,0,0,0,0,0,0,0,0,0,0,0,0,7,0.41
Hatton Bank,HK,36,36-40,24/06/2008,17:28:01,-18.539196,58.68494,17:33:01,-18.54167,58.68572,164.82,2.524,416.84,693.16,0,19.2,19.2,80,NA,NA,9,0.5,0,0,1,0,0,1,0.05,0,0,0,0,0,0,0,0,0,0,0,0,0,0,11,0.55
Hatton Bank,HK,36,41-45,24/06/2008,17:33:01,-18.54167,58.68572,17:38:01,-18.543899,58.686526,171.41,1.916,329.34,695.95,0,0,0,99.8,NA,NA,7,0.26,0,0,1,0,0,2,0.14,0,0,0,0,0,0,0,0,0,0,0,0,0,0,10,0.4
Hatton Bank,HK,36,46-49,24/06/2008,17:38:01,-18.543899,58.686526,17:42:01,-18.544299,58.686586,33.87,2.25,76.25,699.4375,0,0,0,99,NA,NA,1,0.12,0,0,0,0,0,1,0.52,0,0,0,0,0,0,0,0,0,0,0,0,0,0,2,0.64
Hatton Bank,LK,58,1-5,29/06/2008,08:47:09,-18.563276,58.772349,08:52:09,-18.564165,58.771927,64.41,1.454,93.98,801.94,0,100,100,0,0,0,1,0.02,0,0,1,0,0,0,0,0,0,0,0,0,0,0,0,0,0,0,0,0,0,2,0.02
Hatton Bank,LK,58,6-10,29/06/2008,08:52:09,-18.564165,58.771927,08:57:09,-18.565204,58.771501,76.78,1.47,112.91,802.87,0,100,100,0,0,0,4,0.08,0,0,0,0,0,0,0,0,0,0,0,0,0,0,0,0,0,0,0,0,0,4,0.08
Hatton Bank,LK,58,11-15,29/06/2008,08:57:09,-18.565204,58.771501,09:02:09,-18.566261,58.771152,80.83,1.544,124.82,788.93,0,100,100,0,0,0,3,0.06,0,0,2,0,0,0,0,0,0,0,0,0,0,0,0,0,0,0,0,0,0,5,0.06
Hatton Bank,LK,58,16-20,29/06/2008,09:02:09,-18.566261,58.771152,09:07:09,-18.567198,58.77079,72.72,1.514,110.59,785.225,0,100,100,0,0,0,2,0.02,0,0,2,0,0,0,0,0,0,0,0,0,0,0,0,0,0,0,0,0,0,4,0.02
Hatton Bank,LK,58,21-25,29/06/2008,09:07:09,-18.567198,58.77079,09:12:09,-18.568099,58.770391,70.41,1.484,104.89,771.05,0,100,100,0,0,0,3,0.09,0,0,3,0,0,0,0,0,0,0,0,0,0,0,0,0,0,0,0,0,0,6,0.09
Hatton Bank,LK,58,26-30,29/06/2008,09:12:09,-18.568099,58.770391,09:17:09,-18.569261,58.770071,74.07,1.55,115.19,756.875,0,99.4,100,0,0,0,3,0.07,0,0,0,0,0,0,0,0,0,0,0,0,0,0,0,0,0,0,0,0,0,3,0.07
Hatton Bank,LK,58,31-35,29/06/2008,09:17:09,-18.569261,58.770071,09:22:09,-18.570084,58.769695,69.04,1.61,111.22,752.85,0.2,99.2,100,0,0,0,2,0.03,0,0,1,0,0,0,0,0,0,0,0,0,0,0,0,0,0,0,0,0,0,3,0.03
Hatton Bank,LK,58,36-40,29/06/2008,09:22:09,-18.570084,58.769695,09:27:09,-18.570975,58.769418,62.71,1.392,86.63,610.625,0,99.8,100,0,0,0,2,0.03,0,0,0,0,0,0,0,0,0,0,0,0,0,0,0,0,0,0,0,0,0,2,0.03
Hatton Bank,LK,58,41-45,29/06/2008,09:27:09,-18.570975,58.769418,09:32:09,-18.571787,58.769104,69.33,1.51,105.05,776.91,0,99.8,100,0,0,0,4,0.06,0,0,1,1,0.09,0,0,0,0,0,0,0,0,0,0,0,0,0,0,0,0,6,0.15
Hatton Bank,LK,58,46-50,29/06/2008,09:32:09,-18.571787,58.769104,09:37:09,-18.572606,58.76875,64.16,1.532,98.15,782.15,0,99.8,100,0,0,0,1,0.02,0,0,0,0,0,0,0,0,0,0,0,0,0,0,0,0,0,0,0,0,0,1,0.02
Hatton Bank,LK,58,51-54,29/06/2008,09:37:09,-18.572606,58.76875,09:41:09,-18.57333,58.768633,39.43,1.57,64.19,804.56875,0,100,100,0,0,0,5,0.08,0,0,0,0,0,0,0,0,0,0,0,0,0,0,0,0,0,0,0,0,0,5,0.08
Hatton Bank,LK,59,1-5,29/06/2008,10:51:09,-18.579781,58.78293,10:56:09,-18.580245,58.782778,43.13,1.674,72.29,807.8,0,100,100,0,0,0,1,0,0,0,0,0,0,0,0,0,0,0,0,0,0,0,0,0,0,0,0,0,0,1,0
Hatton Bank,LK,59,6-10,29/06/2008,10:56:09,-18.580245,58.782778,11:01:09,-18.581143,58.782532,66.04,1.662,109.67,718.77,0,100,100,0,0,0,1,0.01,0,0,1,0,0,0,0,0,0,0,0,0,0,0,0,0,0,0,0,0,0,2,0.01
Hatton Bank,LK,59,11-15,29/06/2008,11:01:09,-18.581143,58.782532,11:06:09,-18.582113,58.782381,70.59,1.478,105.87,707.6400003,0,99.4,100,0,0,0,1,0,0,0,2,0,0,0,0,0,0,0,0,0,0,0,0,0,0,0,0,0,0,3,0
Hatton Bank,LK,59,16-20,29/06/2008,11:06:09,-18.582113,58.782381,11:11:09,-18.58309,58.782131,65.62,1.412,92.88,786.266667,1,96.8,98.6,1.2,0,0,3,0.03,0,0,0,0,0,0,0,0,0,0,0,0,0,0,0,0,0,0,0,0,0,3,0.03
Hatton Bank,LK,59,21-25,29/06/2008,11:11:09,-18.58309,58.782131,11:16:09,-18.583781,58.781896,72.93,1.496,109.31,786.266667,0.6,91.2,92.6,6.4,NA,NA,1,0.02,0,0,0,0,0,0,0,0,0,0,0,0,0,0,0,0,0,0,0,0,0,1,0.02
Hatton Bank,LK,59,26-30,29/06/2008,11:16:09,-18.583781,58.781896,11:21:09,-18.584734,58.781758,69.8,1.486,103.33,786.266667,1,89,91,8,NA,NA,5,0.08,0,0,0,0,0,0,0,0,0,0,0,0,0,1,1.37,0,0,0,0,0,0,6,1.45
Hatton Bank,LK,59,31-35,29/06/2008,11:21:09,-18.584734,58.781758,11:26:09,-18.585743,58.781523,70.97,1.556,107.61,786.266667,2,88,91,8,NA,NA,3,0.02,0,0,0,0,0,0,0,0,0,0,0,0,0,0,0,0,0,0,0,0,0,3,0.02
Hatton Bank,LK,59,36-40,29/06/2008,11:26:09,-18.585743,58.781523,11:31:09,-18.586896,58.7814,62.32,1.592,99.52,786.266667,0.8,89.2,91,8,NA,NA,10,0.25,0,0,4,0,0,0,0,0,0,0,0,0,0,1,0.82,0,0,0,0,0,0,15,1.07
Hatton Bank,LK,59,41-45,29/06/2008,11:31:09,-18.586896,58.7814,11:36:09,-18.587728,58.781009,72.21,1.336,96.14,786.266667,0,89.2,89.8,9.2,NA,NA,5,0.12,0,0,0,0,0,0,0,0,0,0,0,0,0,0,0,0,0,0,0,0,0,5,0.12
Hatton Bank,LK,59,46-50,29/06/2008,11:36:09,-18.587728,58.781009,11:41:09,-18.589088,58.7808,75.9,1.498,110.98,781.5350001,0,87.2,88,11.2,0,0,5,0.18,0,0,1,0,0,0,0,0,0,0,0,0,0,0,0,0,0,0,0,0,0,6,0.18
Hatton Bank,LK,59,51-54,29/06/2008,11:41:09,-18.589088,58.7808,11:45:09,-18.589958,58.780608,56.02,1.64,91.46,789.08125,0,99.25,100,0,0,0,7,0.19,0,0,3,0,0,0,0,0,0,0,0,0,0,0,0,0,0,0,0,0,0,10,0.19
Hatton Bank,LK,88,1-5,02/07/2008,09:02:30,-18.722577,58.733897,09:07:14,-18.722577,58.733897,80.79,2.638,214.76,819.38,0,99.6,100,0,0,0,3,0.22,0,0,0,0,0,0,0,0,0,0,0,0,0,0,0,0,0,0,0,0,0,3,0.22
Hatton Bank,LK,88,6-10,02/07/2008,09:07:14,-18.722577,58.733897,09:12:14,-18.721935,58.733675,86.08,2.006,173.92,830.98,0,99.6,100,0,0,0,7,0.5,0,0,0,0,0,0,0,0,0,0,0,1,0.22,0,0,0,0,0,0,0,0,8,0.72
Hatton Bank,LK,88,11-15,02/07/2008,09:12:14,-18.721935,58.733675,09:17:14,-18.720577,58.733654,84.34,2.336,190.94,830.67,0,99.6,100,0,0,0,3,0.32,0,0,0,0,0,0,0,0,0,0,0,0,0,0,0,0,0,0,0,0,0,3,0.32
Hatton Bank,LK,88,16-20,02/07/2008,09:17:14,-18.720577,58.733654,09:22:14,-18.719294,58.733526,65.08,1.728,110.83,826.02,0.2,99.2,100,0,0,0,5,0.66,0,0,1,0,0,0,0,0,0,0,0,0,0,1,1.93,0,0,0,0,0,0,7,2.59
Hatton Bank,LK,88,21-25,02/07/2008,09:22:14,-18.719294,58.733526,09:27:14,-18.718609,58.73375,75.19,2.368,178.11,820.75,0.2,98.8,100,0,0,0,7,1.56,0,0,0,0,0,0,0,0,0,0,0,0,0,0,0,0,0,0,0,0,0,7,1.56
Hatton Bank,LK,88,26-30,02/07/2008,09:27:14,-18.718609,58.73375,09:32:14,-18.717159,58.733657,82.59,2.308,186.47,823.825,2.2,96.8,100,0,0,0,9,2.02,0,0,0,1,1.14,0,0,0,0,0,0,0,0,0,0,1,13.82,0,0,0,0,11,16.99
Hatton Bank,LK,88,31-35,02/07/2008,09:32:14,-18.717159,58.733657,09:37:14,-18.715442,58.733523,116.8,3.266,395.79,828.45,0.6,97.4,98.4,1.4,0,0,5,0.33,0,0,0,3,2.33,0,0,0,0,0,0,0,0,1,6.65,0,0,0,0,0,0,9,9.31
Hatton Bank,LK,88,36-40,02/07/2008,09:37:14,-18.715442,58.733523,09:42:14,-18.714139,58.73344,81.53,1.882,147.2,828.45,0,93.6,93.6,5.6,0,0,3,0.11,0,0,1,0,0,0,0,0,0,0,0,0,0,0,0,0,0,0,0,0,0,4,0.11
Hatton Bank,LK,88,41-45,02/07/2008,09:42:14,-18.714139,58.73344,09:47:14,-18.712423,58.73349,103.1,2.26,236.04,831.225,0,97.8,97.8,2,0,0,2,0.09,0,0,0,0,0,0,0,0,0,0,0,0,0,0,0,0,0,0,0,0,0,2,0.09
Hatton Bank,LK,88,46-50,02/07/2008,09:47:14,-18.712423,58.73349,09:52:14,-18.710814,58.733511,94.47,2.888,275,841.42,0,90.2,90.2,8.8,NA,NA,2,0.42,0,0,0,0,0,0,0,0,0,0,0,0,0,0,0,0,0,0,0,0,0,2,0.42
Hatton Bank,LK,88,51-55,02/07/2008,09:52:14,-18.710814,58.733511,09:57:14,-18.709112,58.733661,114.57,2.31,263.23,844.52,0,95,95,4,NA,NA,2,0.48,0,0,0,0,0,0,0,0,0,0,0,0,0,0,0,0,0,0,0,0,0,2,0.48
Hatton Bank,LK,88,56-58,02/07/2008,09:57:14,-18.709112,58.733661,10:00:14,-18.708156,58.733864,49.22,2.38,117.21,846.4833333,0,95,95,4,NA,NA,0,0,0,0,0,0,0,0,0,0,0,0,0,0,0,0,0,0,0,0,0,0,0,0,0
Hatton Bank,LK,89,1-5,02/07/2008,11:09:14,-18.749655,58.749942,11:14:30,-18.749942,58.750193,62.42,3.154,194.7,864.26,0.2,98.8,100,0,0,0,2,1,0,0,2,0,0,0,0,0,0,0,0,0,0,0,0,0,0,0,0,0,0,4,1
Hatton Bank,LK,89,6-10,02/07/2008,11:14:30,-18.749942,58.750193,11:19:14,-18.750705,58.750659,88.2,2.358,203.38,866.74,0,98.2,98.8,1,0,0,4,0.36,0,0,0,0,0,0,0,0,0,0,0,0,0,1,2.08,0,0,0,0,0,0,5,2.43
Hatton Bank,LK,89,11-15,02/07/2008,11:19:14,-18.750705,58.750659,11:24:14,-18.751052,58.751342,87.17,2.05,188.62,865.5,0.2,93.8,94.4,4.6,NA,NA,3,0.28,0,0,1,0,0,0,0,0,0,0,0,0,0,0,0,0,0,0,0,0,0,4,0.28
Hatton Bank,LK,89,16-20,02/07/2008,11:24:14,-18.751052,58.751342,11:29:14,-18.750778,58.752091,88.36,2.706,229.56,862.4,0.6,75.6,76.8,22.4,NA,NA,2,0.14,0,0,2,0,0,0,0,0,0,0,0,0,0,0,0,0,0,0,0,0,0,4,0.14
Hatton Bank,LK,89,21-25,02/07/2008,11:29:14,-18.750778,58.752091,11:34:14,-18.751654,58.75289,101.05,2.368,243.36,860.54,0.4,19.6,20,80,0,0,3,0.21,0,0,0,3,1.7,0,0,0,0,0,0,0,0,0,0,0,0,0,0,0,0,6,1.9
Hatton Bank,LK,89,26-30,02/07/2008,11:34:14,-18.751654,58.75289,11:39:14,-18.751708,58.753668,99.73,2.884,290.42,856.82,0.2,98.6,99.6,0.2,0,0,5,0.99,0,0,0,0,0,0,0,0,0,0,0,0,0,1,0.65,0,0,0,0,0,0,6,1.64
Hatton Bank,LK,89,31-35,02/07/2008,11:39:14,-18.751708,58.753668,11:44:14,-18.752267,58.754211,99.13,3.004,294.98,862.4,0.8,97,98,1,NA,NA,1,0.3,0,0,0,0,0,0,0,0,0,0,0,0,0,0,0,0,0,0,0,0,0,1,0.3
Hatton Bank,LK,89,36-40,02/07/2008,11:44:14,-18.752267,58.754211,11:49:14,-18.752679,58.755102,102.17,2.544,256.24,868.29,0.6,96.6,98,1,NA,NA,6,0.63,0,0,1,0,0,0,0,0,0,0,0,0,0,0,0,0,0,0,0,0,0,7,0.63
Hatton Bank,LK,89,41-45,02/07/2008,11:49:14,-18.752679,58.755102,11:54:14,-18.753076,58.755944,116.49,2.234,229.11,876.625,0.8,97,98.4,0.8,0,0,4,0.51,0,0,1,0,0,0,0,0,0,0,0,0,0,0,0,0,0,0,0,0,0,5,0.51
Hatton Bank,LK,89,46-50,02/07/2008,11:54:14,-18.753076,58.755944,11:59:14,-18.75319,58.756544,64.33,2.164,146.09,879.985,1.6,97.4,100,0,0,0,5,1.02,0,0,0,0,0,0,0,0,0,0,0,0,0,0,0,0,0,0,0,0,0,5,1.02
Hatton Bank,LK,89,51-55,02/07/2008,11:59:14,-18.75319,58.756544,12:04:14,-18.753577,58.757186,82.59,3.042,257.3,880.9,0,98.2,99,0.8,0,0,2,0.41,0,0,0,0,0,0,0,0,0,0,0,1,4.69,0,0,0,0,0,0,0,0,3,5.1
Hatton Bank,LK,89,56-57,02/07/2008,12:04:14,-18.753577,58.757186,12:06:14,-18.753457,58.757388,13.16,2.72,35.93,880.9,0,95,95,4,NA,NA,0,0,0,0,0,0,0,0,0,0,0,0,0,0,0,0,0,0,0,0,0,0,0,0,0
Hatton Bank,HK,90,1-5,02/07/2008,13:50:14,-18.507569,58.706435,13:55:14,-18.508369,58.706122,82.22,2.84,232.76,640.2,0,4,4,95,NA,NA,5,0.42,0,0,0,0,0,1,1.5,1,0.36,0,0,0,0,0,0,0,0,0,0,0,0,6,2.29
Hatton Bank,HK,90,6-10,02/07/2008,13:55:14,-18.508369,58.706122,14:00:14,-18.509399,58.706028,67.24,2.204,148.98,638.65,0,10,10,89,NA,NA,3,0.29,0,0,0,0,0,1,1.17,0,0,0,0,0,0,0,0,0,0,0,0,0,0,4,1.46
Hatton Bank,HK,90,11-15,02/07/2008,14:00:14,-18.509399,58.706028,14:05:14,-18.509057,58.706248,62.49,2.032,138.18,639.27,0,8,8,91,NA,NA,3,0.31,0,0,2,0,0,0,0,0,0,0,0,0,0,0,0,0,0,0,0,0,0,5,0.31
Hatton Bank,HK,90,16-20,02/07/2008,14:05:14,-18.509057,58.706248,14:10:14,-18.509189,58.706392,42.78,2.16,87.81,638.03,0,1,1,98,NA,NA,1,0.04,0,0,0,0,0,0,0,0,0,0,0,0,0,0,0,0,0,0,0,0,0,1,0.04
Hatton Bank,HK,90,21-25,02/07/2008,14:10:14,-18.509189,58.706392,14:15:14,-18.510281,58.706537,61.42,2.634,160.47,635.86,0,62,62,37,NA,NA,8,1.02,0,0,2,0,0,0,0,0,0,0,0,0,0,0,0,0,0,0,0,0,0,10,1.02
Hatton Bank,HK,90,26-30,02/07/2008,14:15:14,-18.510281,58.706537,14:20:14,-18.510418,58.706774,37.09,2.552,94.22,635.24,0,100,100,0,0,0,1,0.01,0,0,0,0,0,0,0,0,0,0,0,0,0,0,0,0,0,0,0,0,0,1,0.01
Hatton Bank,HK,90,31-35,02/07/2008,14:20:14,-18.510418,58.706774,14:25:14,-18.511218,58.706821,76.84,2.182,165.7,633.72,0,100,100,0,0,0,9,0.97,0,0,4,0,0,0,0,0,0,0,0,0,0,0,0,0,0,0,0,0,0,13,0.97
Hatton Bank,HK,90,36-40,02/07/2008,14:25:14,-18.511218,58.706821,14:30:14,-18.512201,58.706311,88.01,1.722,152.08,627.28,0,99.4,100,0,0,0,8,0.84,0,0,0,0,0,1,0.15,0,0,0,0,0,0,0,0,0,0,0,0,0,0,9,0.99
Hatton Bank,HK,90,41-45,02/07/2008,14:30:14,-18.512201,58.706311,14:35:14,-18.512876,58.706743,92.47,1.882,172.88,627.9,0,99.4,100,0,0,0,5,0.95,0,0,0,0,0,0,0,2,0.49,0,0,0,0,0,0,0,0,0,0,0,0,7,1.43
Hatton Bank,HK,90,46-50,02/07/2008,14:35:14,-18.512876,58.706743,14:40:14,-18.513642,58.706914,71.35,2.214,156.63,636.18,0,99.6,100,0,0,0,9,1.39,0,0,0,0,0,0,0,0,0,0,0,0,0,0,0,0,0,0,0,0,0,9,1.39
Hatton Bank,HK,90,51-53,02/07/2008,14:40:14,-18.513642,58.706914,14:43:14,-18.513618,58.70677,34.07,2.246666667,76.42,641.2333333,0,27,27,72,NA,NA,2,0.26,0,0,0,1,0.36,0,0,0,0,0,0,0,0,0,0,0,0,0,0,0,0,3,0.62
Hatton Bank,HK,91,1-5,02/07/2008,15:50:14,-18.463597,58.720124,15:55:14,-18.462468,58.720087,87.85,2.464,221.09,596.07,0,0,0,100,NA,NA,3,0.2,0,0,0,1,0.44,1,2.45,0,0,0,0,0,0,0,0,0,0,0,0,0,0,5,3.09
Hatton Bank,HK,91,6-10,02/07/2008,15:55:14,-18.462468,58.720087,16:00:14,-18.461057,58.71988,92.83,2.416,221.25,592.04,0,5,5,94,NA,NA,9,0.67,0,0,1,0,0,0,0,0,0,0,0,0,0,0,0,0,0,0,0,0,0,10,0.67
Hatton Bank,HK,91,11-15,02/07/2008,16:00:14,-18.461057,58.71988,16:05:14,-18.45957,58.719315,112.69,2.044,231.98,588.01,0,99.8,100,0,0,0,3,0.17,0,0,0,0,0,0,0,0,0,0,0,0,0,0,0,0,0,0,0,0,0,3,0.17
Hatton Bank,HK,91,16-20,02/07/2008,16:05:14,-18.45957,58.719315,16:10:14,-18.457859,58.719282,105.92,2.53,264.22,581.9,0,81,81,18,NA,NA,1,0.01,0,0,0,0,0,1,0.33,0,0,0,0,0,0,0,0,0,0,0,0,0,0,2,0.34
Hatton Bank,HK,91,21-25,02/07/2008,16:10:14,-18.457859,58.719282,16:15:14,-18.456284,58.719209,103.71,3.076,315.27,584.63,0,0,0,100,NA,NA,9,1.13,0,0,0,0,0,1,0.98,0,0,0,0,0,0,0,0,0,0,0,0,0,0,10,2.11
Hatton Bank,HK,91,26-30,02/07/2008,16:15:14,-18.456284,58.719209,16:20:14,-18.455135,58.718793,81.46,2.048,168.72,589.87,0,0,0,100,NA,NA,2,0.02,0,0,0,0,0,1,0.18,0,0,0,0,0,0,0,0,0,0,0,0,0,0,3,0.2
Hatton Bank,HK,91,31-35,02/07/2008,16:20:14,-18.455135,58.718793,16:25:14,-18.453651,58.718865,88.77,1.748,155.13,592.04,0,0,0,100,NA,NA,2,0.04,0,0,0,0,0,0,0,0,0,1,11.02,0,0,0,0,0,0,0,0,0,0,3,11.06
Hatton Bank,HK,91,36-40,02/07/2008,16:25:14,-18.453651,58.718865,16:30:14,-18.452199,58.718987,86.9,1.754,154.81,592.97,0,0,0,100,NA,NA,5,0.11,0,0,0,0,0,0,0,0,0,0,0,0,0,0,0,0,0,0,0,0,0,5,0.11
Hatton Bank,HK,91,41-45,02/07/2008,16:30:14,-18.452199,58.718987,16:35:14,-18.45045,58.719043,101.32,2.334,240.21,591.11,0,0,0,100,NA,NA,5,0.14,0,0,1,0,0,0,0,0,0,0,0,0,0,0,0,0,0,0,0,0,0,6,0.14
Hatton Bank,HK,91,46-50,02/07/2008,16:35:14,-18.45045,58.719043,16:40:14,-18.449037,58.71958,103.23,2.334,239.41,594.83,0,21,21,78,NA,NA,5,0.88,0,0,0,0,0,0,0,0,0,0,0,0,0,0,0,0,0,0,0,0,0,5,0.88
Hatton Bank,HK,91,51-55,02/07/2008,16:40:14,-18.449037,58.71958,16:45:14,-18.447806,58.719588,73.29,2.35,172.41,589.25,0,0,0,100,NA,NA,7,0.34,0,0,0,0,0,2,3.86,0,0,0,0,0,0,0,0,0,0,0,0,0,0,9,4.2
Hatton Bank,HK,91,56-58,02/07/2008,16:45:14,-18.447806,58.719588,16:48:14,-18.447867,58.719454,29.34,2.63,78.28,592.35,0,0,0,100,NA,NA,4,0.42,0,0,0,0,0,0,0,0,0,0,0,0,0,0,0,0,0,0,0,0,0,4,0.42
Hatton Bank,LK,92,1-5,02/07/2008,18:50:15,-18.718027,58.73222,18:55:15,-18.718512,58.733171,113.48,2.534,289.48,822.3,0,2.8,2.8,96.8,NA,NA,4,0.64,0,0,0,0,0,0,0,0,0,0,0,1,2.79,0,0,0,0,0,0,0,0,5,3.43
Hatton Bank,LK,92,6-9,02/07/2008,18:55:15,-18.718512,58.733171,18:58:15,-18.718559,58.733595,262.55,2.2975,628.2,822.3,0.25,45.25,45.5,53.5,NA,NA,3,0.32,0,0,0,0,0,0,0,0,0,0,0,0,0,0,0,0,0,0,0,0,0,3,0.32
Hatton Bank,LK,96,1-5,03/07/2008,10:38:16,-18.668051,58.734592,10:42:16,-18.668576,58.734942,53.77,3.4425,182.56,766.7,0,81.75,82.25,17.25,0,0,4,0.41,0,0,0,0,0,0,0,0,0,0,0,0,0,0,0,0,0,0,0,0,0,4,0.41
Hatton Bank,LK,97,1-5,03/07/2008,11:34:16,-18.669445,58.734912,11:39:16,-18.668645,58.734743,124.01,2.652,329.39,780.65,0,97,97.2,2,0,0,5,0.35,0,0,0,0,0,0,0,0,0,0,0,0,0,0,0,0,0,0,0,0,0,5,0.35
Hatton Bank,SL,117,1-5,06/07/2008,15:02:21,-18.668645,58.734743,15:07:21,-18.754381,58.757897,103.88,2.488,257.6,918,0,93,93,6,NA,NA,5,0.29,2,0.03,0,0,0,0,0,0,0,0,0,0,0,0,0,0,0,0,0,0,0,7,0.32
Hatton Bank,SL,117,6-10,06/07/2008,15:07:21,-18.754381,58.757897,15:12:21,-18.753831,58.758665,100.94,2.222,222.14,919.23,0,97.8,98,1,NA,NA,1,0.11,2,0.01,0,0,0,0,0,0,0,0,0,0,0,0,0,0,0,0,0,0,0,3,0.12
Hatton Bank,SL,117,11-15,06/07/2008,15:12:21,-18.753831,58.758665,15:17:21,-18.753647,58.758927,99.49,2.198,225.56,929.99,0,97,97,2,NA,NA,5,0.24,0,0,0,0,0,0,0,0,0,0,0,0,0,0,0,0,0,0,0,0,0,5,0.24
Hatton Bank,SL,117,16-20,06/07/2008,15:17:21,-18.753647,58.758927,15:22:21,-18.753513,58.758947,83.28,2.276,177.29,932.16,0,99,99,0,NA,NA,3,0.2,0,0,0,0,0,0,0,0,0,0,0,0,0,0,0,0,0,0,0,0,0,3,0.2
Hatton Bank,SL,117,21-25,06/07/2008,15:22:21,-18.753513,58.758947,15:27:21,-18.755097,58.759404,132.22,2,261.52,934.33,0,99,99,0,NA,NA,3,0.45,0,0,0,0,0,0,0,0,0,0,0,0,0,0,0,0,0,0,0,0,0,3,0.45
Hatton Bank,SL,117,26-30,06/07/2008,15:27:21,-18.755097,58.759404,15:32:21,-18.753733,58.759807,105.96,2.064,233.75,940.53,0,98,98,1,NA,NA,2,0.06,1,0,0,0,0,0,0,0,0,0,0,0,0,0,0,0,0,0,0,0,0,3,0.06
Hatton Bank,SL,117,31-35,06/07/2008,15:32:21,-18.753733,58.759807,15:37:21,-18.753774,58.760505,122.25,2.066,270.94,938.05,0,100,100,0,0,0,2,0.05,0,0,1,1,0.53,0,0,0,0,0,0,0,0,0,0,0,0,0,0,0,0,4,0.58
Hatton Bank,SL,117,36-40,06/07/2008,15:37:21,-18.753774,58.760505,15:42:21,-18.755095,58.760793,134.15,2.048,291.46,756.33,0,100,100,0,0,0,3,0.19,0,0,0,0,0,0,0,0,0,0,0,0,0,0,0,0,0,0,0,0,0,3,0.19
Hatton Bank,SL,117,41-45,06/07/2008,15:42:21,-18.755095,58.760793,15:47:21,-18.754823,58.761509,102.78,1.716,187.41,947.9,0,100,100,0,0,0,4,0.24,0,0,0,1,0.54,0,0,0,0,0,0,0,0,0,0,0,0,0,0,0,0,5,0.78
Hatton Bank,SL,117,46-50,06/07/2008,15:47:21,-18.754823,58.761509,15:52:21,-18.756514,58.761402,137.49,2.13,300.61,952.21,0,100,100,0,0,0,4,0.49,0,0,0,0,0,0,0,0,0,0,0,0,0,0,0,0,0,0,0,0,0,4,0.49
Hatton Bank,SL,117,51-55,06/07/2008,15:52:21,-18.756514,58.761402,15:57:21,-18.755996,58.76214,84.4,1.872,159.37,956.86,0,100,100,0,0,0,4,0.12,0,0,0,0,0,0,0,0,0,0,0,0,0,0,0,0,0,0,0,0,0,4,0.12
Hatton Bank,SL,117,55-59,06/07/2008,15:57:21,-18.755996,58.76214,16:01:21,-18.757114,58.761857,71.59,2.0975,149.92,960.8125,0,100,100,0,0,0,1,0.07,0,0,0,0,0,0,0,0,0,0,0,0,0,0,0,0,0,0,0,0,0,1,0.07
Hatton Bank,LK,118,1-5,06/07/2008,17:12:15,-18.687968,58.756324,17:17:21,-18.688757,58.756111,135.68,2.228,300.34,816.1,0,97,97,6,NA,NA,3,0.2,0,0,0,0,0,0,0,0,0,0,0,0,0,0,0,0,0,0,0,0,0,3,0.2
Hatton Bank,LK,118,6-10,06/07/2008,17:17:21,-18.688757,58.756111,17:22:21,-18.691447,58.756066,163.32,2.792,453.92,820.13,0,94,94,5,NA,NA,5,0.46,0,0,0,0,0,0,0,0,0,0,0,0,0,0,0,0,0,0,0,0,0,5,0.46
Hatton Bank,LK,118,11-15,06/07/2008,17:22:21,-18.691447,58.756066,17:27:21,-18.694287,58.756011,166.85,2.35,398.95,830.33,0,98.2,99,0,NA,NA,3,0.36,0,0,1,0,0,0,0,0,0,0,0,0,0,1,0.67,0,0,0,0,0,0,5,1.03
Hatton Bank,LK,118,16-20,06/07/2008,17:27:21,-18.694287,58.756011,17:32:21,-18.697198,58.755967,168.44,2.158,364.7,850.07,0,99,100,0,0,0,5,0.49,0,0,0,1,0.15,0,0,0,0,0,0,0,0,1,1.11,0,0,0,0,0,0,7,1.76
Hatton Bank,LK,118,21-25,06/07/2008,17:32:21,-18.697198,58.755967,17:37:21,-18.699828,58.756013,152.48,2.206,335.83,862.395,0,96,96,3,NA,NA,7,0.46,0,0,0,1,0.23,0,0,0,0,0,0,0,0,0,0,0,0,0,0,0,0,8,0.69
Hatton Bank,LK,118,26-30,06/07/2008,17:37:21,-18.699828,58.756013,17:42:21,-18.702735,58.755941,170.85,2.042,344.2,881.235,0,84,84,15,NA,NA,4,0.23,0,0,0,0,0,0,0,0,0,0,0,0,0,1,5.46,0,0,0,0,0,0,5,5.69
Hatton Bank,LK,118,31-35,06/07/2008,17:42:21,-18.702735,58.755941,17:47:22,-18.704886,58.755843,129.36,2.514,330.11,898.23,0,98,98,1,NA,NA,4,0.45,0,0,0,0,0,0,0,0,0,0,0,0,0,0,0,0,0,0,0,0,0,4,0.45
Hatton Bank,LK,118,36-40,06/07/2008,17:47:22,-18.704886,58.755843,17:52:22,-18.705799,58.755933,77.06,2.06,155.65,905.6,0,100,100,0,0,0,4,0.16,0,0,0,0,0,0,0,0,0,0,0,0,0,0,0,0,0,0,0,0,0,4,0.16
Hatton Bank,LK,118,41,06/07/2008,17:52:22,-18.705799,58.755933,17:53:22,-18.705811,58.755953,2.27,2.1,4.77,908.7,0,93,93,6,NA,NA,1,0.01,0,0,0,1,0.3,0,0,0,0,0,0,0,0,0,0,0,0,0,0,0,0,2,0.31
Hatton Bank,SL,119,1-5,06/07/2008,19:23:22,-18.778149,58.697089,19:28:22,-18.779787,58.6968,108.49,2.084,219.71,877.28,0,0,0,100,NA,NA,5,0.38,0,0,1,1,0.2,0,0,0,0,0,0,0,0,0,0,0,0,0,0,0,0,7,0.58
Hatton Bank,SL,119,6-10,06/07/2008,19:28:22,-18.779787,58.6968,19:33:22,-18.782234,58.696898,145.18,2.238,326.11,869.84,0,0,0,99,NA,NA,2,0.05,0,0,0,1,0.11,0,0,0,0,0,0,0,0,0,0,0,0,0,0,0,0,3,0.16
Hatton Bank,SL,119,11-15,06/07/2008,19:33:22,-18.782234,58.696898,19:38:22,-18.784714,58.696957,144.55,2.468,367.14,864.26,0,10.8,11,88,NA,NA,5,0.22,0,0,1,0,0,0,0,0,0,0,0,1,2.12,0,0,0,0,0,0,0,0,7,2.34
Hatton Bank,SL,119,16-20,06/07/2008,19:38:22,-18.784714,58.696957,19:43:22,-18.787506,58.697115,163.37,2.18,351.65,876.615,0.8,94.8,96,3,NA,NA,5,0.3,0,0,0,1,0.69,0,0,0,0,0,0,0,0,0,0,0,0,0,0,0,0,6,0.99
Hatton Bank,SL,119,21-25,06/07/2008,19:43:22,-18.787506,58.697115,19:48:22,-18.790252,58.697059,159.59,2.566,408.69,891.6,0,96.2,97,2,NA,NA,3,0.21,0,0,0,0,0,0,0,0,0,0,0,0,0,0,0,0,0,0,0,0,0,3,0.21
Hatton Bank,SL,119,26-30,06/07/2008,19:48:22,-18.790252,58.697059,19:53:22,-18.79283,58.697396,162.87,2.428,393.67,901.775,0,88,88,11,NA,NA,7,1,0,0,0,0,0,0,0,0,0,0,0,1,1.54,1,11.26,0,0,0,0,0,0,9,13.8
Hatton Bank,SL,119,31-33,06/07/2008,19:53:22,-18.79283,58.697396,19:56:22,-18.792959,58.697342,12.24,1.79,21.17,908.7,0,14,14,85,NA,NA,2,0.27,0,0,0,1,0.39,0,0,0,0,0,0,0,0,0,0,0,0,0,0,0,0,3,0.66
Hatton Bank,HK,151,1-5,10/07/2008,08:44:27,-18.395521,58.826382,08:49:27,-18.39573,58.826588,79.61,1.892,151.94,715,0,99.4,100,0,0,0,2,0.09,0,0,1,0,0,0,0,0,0,0,0,0,0,0,0,0,0,0,0,0,0,3,0.09
Hatton Bank,HK,151,6-10,10/07/2008,08:49:27,-18.39573,58.826588,08:54:27,-18.395648,58.826997,69.31,1.25,86.07,715,0,99.6,100,0,0,0,4,0.12,0,0,0,0,0,0,0,0,0,0,0,0,0,0,0,0,0,0,0,0,0,4,0.12
Hatton Bank,HK,151,11-15,10/07/2008,08:54:27,-18.395648,58.826997,08:59:27,-18.396121,58.828035,124.22,1.668,209.15,713.76,0,99.4,100,0,0,0,5,0.33,0,0,2,0,0,0,0,0,0,0,0,0,0,0,0,0,0,0,0,0,0,7,0.33
Hatton Bank,HK,151,16-20,10/07/2008,08:59:27,-18.396121,58.828035,09:04:27,-18.396435,58.828248,47.14,1.482,69.58,715,0,99,100,0,0,0,2,0.26,0,0,0,0,0,0,0,0,0,0,0,0,0,0,0,0,0,0,0,0,0,2,0.26
Hatton Bank,HK,151,21-25,10/07/2008,09:04:27,-18.396435,58.828248,09:09:27,-18.396791,58.828697,88.93,1.702,149.74,714.69,0,99.6,100,0,0,0,3,0.11,0,0,1,0,0,0,0,0,0,0,0,0,0,0,0,0,0,0,0,0,0,4,0.11
Hatton Bank,HK,151,26-30,10/07/2008,09:09:27,-18.396791,58.828697,09:14:27,-18.397659,58.829347,90.39,1.818,164.44,710.97,0,99.8,100,0,0,0,6,0.33,0,0,1,0,0,0,0,0,0,0,0,0,0,0,0,0,0,0,0,0,0,7,0.33
Hatton Bank,HK,151,31-35,10/07/2008,09:14:27,-18.397659,58.829347,09:19:27,-18.398301,58.829414,86.45,1.678,148.22,710.04,0,86,86,13,NA,NA,5,0.11,0,0,1,0,0,1,0.91,0,0,0,0,0,0,0,0,0,0,0,0,0,0,7,1.02
Hatton Bank,HK,151,36-40,10/07/2008,09:19:27,-18.398301,58.829414,09:24:27,-18.398468,58.830434,121.87,1.4,170.24,708.5,0,95,95,4,NA,NA,5,0.38,0,0,1,0,0,0,0,0,0,0,0,0,0,0,0,0,0,0,0,0,0,6,0.38
Hatton Bank,HK,151,41-45,10/07/2008,09:24:27,-18.398468,58.830434,09:29:27,-18.399244,58.831018,127.65,1.702,225.3,707.9,0,99,100,0,0,0,6,0.36,0,0,0,0,0,0,0,0,0,0,0,0,0,0,0,0,0,0,0,0,0,6,0.36
Hatton Bank,HK,151,46-50,10/07/2008,09:29:27,-18.399244,58.831018,09:34:27,-18.399971,58.831942,125.83,1.924,265.76,716.24,0,97,98,1,NA,NA,7,0.58,0,0,0,0,0,0,0,0,0,0,0,0,0,0,0,0,0,0,0,0,0,7,0.58
Hatton Bank,HK,151,51-55,10/07/2008,09:34:27,-18.399971,58.831942,09:39:27,-18.400504,58.832694,110.12,1.608,206,726.16,0.4,98.6,100,0,0,0,2,0.37,0,0,0,0,0,0,0,0,0,0,0,0,0,0,0,0,0,0,0,0,0,2,0.37
Hatton Bank,HK,151,56-57,10/07/2008,09:39:27,-18.400504,58.832694,09:41:27,-18.400565,58.832578,16.25,1.5,15.69,727.4,1,98,100,0,0,0,6,0.25,0,0,0,1,0.39,0,0,0,0,0,0,0,0,0,0,0,0,0,0,0,0,7,0.63
Hatton Bank,HK,152,1-5,10/07/2008,10:44:28,-18.432524,58.778398,10:49:28,-18.431602,58.777766,95.44,2.08,192.73,664.39,0,0,0,100,NA,NA,8,0.51,0,0,1,0,0,0,0,0,0,0,0,0,0,0,0,0,0,0,0,0,0,9,0.51
Hatton Bank,HK,152,6-10,10/07/2008,10:49:28,-18.431602,58.777766,10:54:28,-18.430408,58.776939,115.92,1.542,178.65,651.13,0,89,89,10,NA,NA,2,0.13,0,0,1,1,0.3,0,0,0,0,0,0,0,0,0,0,0,0,0,0,0,0,4,0.43
Hatton Bank,HK,152,11-15,10/07/2008,10:54:28,-18.430408,58.776939,10:59:28,-18.429163,58.776158,115.43,1.518,175.05,637.56,0,18.6,19,80,NA,NA,5,0.46,0,0,1,0,0,0,0,0,0,0,0,0,0,0,0,0,0,0,0,0,0,6,0.46
Hatton Bank,HK,152,16-20,10/07/2008,10:59:28,-18.429163,58.776158,11:04:28,-18.427743,58.775359,122.47,1.626,204.03,627.36,0,99,100,0,0,0,1,0.05,0,0,1,0,0,0,0,0,0,0,0,0,0,0,0,0,0,0,0,0,0,2,0.05
Hatton Bank,HK,152,21-25,10/07/2008,11:04:28,-18.427743,58.775359,11:09:28,-18.426462,58.774395,139.95,1.652,232.6,619,0,0,0,100,NA,NA,6,0.46,0,0,0,0,0,0,0,0,0,0,0,0,0,0,0,0,0,0,0,0,0,6,0.46
Hatton Bank,HK,152,26-30,10/07/2008,11:09:28,-18.426462,58.774395,11:14:28,-18.425388,58.773829,89.47,1.536,138.08,610.1,0,17,17,82,NA,NA,6,0.49,0,0,0,0,0,0,0,0,0,0,0,0,0,0,0,0,0,0,0,0,0,6,0.49
Hatton Bank,HK,152,31-35,10/07/2008,11:14:28,-18.425388,58.773829,11:19:28,-18.424079,58.773006,119.8,1.668,199.43,602.35,0,98,98,1,NA,NA,5,0.12,0,0,0,0,0,0,0,1,0.25,0,0,0,0,0,0,0,0,0,0,0,0,6,0.37
Hatton Bank,HK,152,36-40,10/07/2008,11:19:28,-18.424079,58.773006,11:24:28,-18.422539,58.772178,128.78,1.482,191.76,592.19,0,91,91,8,NA,NA,6,0.3,0,0,0,1,0.23,0,0,0,0,0,0,0,0,0,0,0,0,0,0,0,0,7,0.53
Hatton Bank,HK,152,41-45,10/07/2008,11:24:28,-18.422539,58.772178,11:29:28,-18.422085,58.77148,89.87,1.802,162.33,583.85,0,99.2,100,0,0,0,7,0.31,0,0,0,0,0,0,0,0,0,0,0,0,0,0,0,0,0,0,0,0,0,7,0.31
Hatton Bank,HK,152,46-50,10/07/2008,11:29:28,-18.422085,58.77148,11:34:28,-18.420808,58.770815,111.46,1.568,173.51,580.44,0,97,97,2,NA,NA,4,0.35,0,0,0,0,0,0,0,0,0,0,0,0,0,0,0,0,0,0,0,0,0,4,0.35
Hatton Bank,HK,152,51-55,10/07/2008,11:34:28,-18.420808,58.770815,11:39:28,-18.419997,58.770165,96.58,1.696,167.52,583.23,0,98,98,1,NA,NA,4,0.13,0,0,2,0,0,0,0,2,0.9,0,0,0,0,0,0,0,0,0,0,0,0,8,1.02
Rockall Bank,Gully,20,1-5,10/08/2003,15:30:27,-15.835867,55.531617,15:35:27,-15.836283,55.531733,51.36,2.79,143.46,774.32,0,0,0,100,NA,NA,0,0,1,0.01,0,0,0,1,0.68,0,0,0,0,0,0,0,0,0,0,0,0,0,1,3,0.69
Rockall Bank,Gully,20,6-10,10/08/2003,15:35:27,-15.836283,55.531733,15:40:27,-15.835267,55.531583,88.05,2.79,246,774.63,0,0,0,100,NA,NA,0,0,4,0,0,0,0,0,0,0,0,0,0,0,0,0,0,0,0,0,0,0,1,5,0
Rockall Bank,Gully,20,11-15,10/08/2003,15:40:27,-15.835267,55.531583,15:42:27,-15.835633,55.531633,29.53,2.79,82.49,776.8,0,0,0,100,NA,NA,0,0,1,0,0,0,0,0,0,0,0,0,0,0,0,0,0,0,0,0,0,0,0,1,0
Rockall Bank,Gully,26,1-5,12/08/2003,13:41:27,-15.811617,55.507033,13:46:27,-15.812233,55.507033,42.14,2.79,117.71,801.5,0,0,0,100,NA,NA,0,0,3,0.02,0,0,0,0,0,0,0,0,0,0,0,0,0,0,0,0,0,0,0,3,0.02
Rockall Bank,Gully,26,6-10,12/08/2003,13:46:27,-15.812233,55.507033,13:51:27,-15.810683,55.50695,100,2.79,279.36,798.73,0,0,0,100,NA,NA,0,0,1,0.02,0,0,0,0,0,0,0,0,0,0,0,0,0,0,0,0,0,1,0,2,0.02
Rockall Bank,Gully,26,11-15,12/08/2003,13:51:27,-15.810683,55.50695,13:56:27,-15.810967,55.507,57.63,2.79,160.97,797.21,0,0,0,100,NA,NA,0,0,1,0.01,0,1,3.14,0,0,0,0,0,0,0,0,0,0,0,0,0,0,0,0,2,3.16
Rockall Bank,Gully,26,16-20,12/08/2003,13:56:27,-15.810967,55.507,14:01:27,-15.8113,55.5069,41.53,2.79,116.03,800.6,0,0,0,100,NA,NA,0,0,0,0,0,0,0,0,0,0,0,0,0,0,0,0,0,0,0,0,0,0,0,0,0
Rockall Bank,Coral,39,1-5,28/06/2005,14:40:32,-16.014433,55.457283,14:45:32,-16.01455,55.457333,16.98,2.79,47.44,743.58,0,0,52.8,46.2,NA,NA,3,0.55,0,0,0,0,0,0,0,0,0,0,0,0,0,0,0,0,0,0,0,0,0,3,0.55
Rockall Bank,Coral,39,6-10,28/06/2005,14:45:32,-16.01455,55.457333,14:50:32,-16.01465,55.457333,15.78,2.79,44.09,742.58,0,0,81.8,17.6,0,0,1,0.2,0,0,0,0,0,0,0,0,0,0,0,0,0,0,0,0,0,0,0,0,0,1,0.2
Rockall Bank,Coral,39,11-15,28/06/2005,14:50:32,-16.01465,55.457333,14:55:32,-16.014317,55.4577,47.71,2.79,133.31,750.78,0,0,46,53.2,NA,NA,2,0.01,1,0.01,0,0,0,0,0,0,0,0,0,0,0,0,0,0,0,0,0,0,0,3,0.02
Rockall Bank,Coral,39,16-20,28/06/2005,14:55:32,-16.014317,55.4577,15:00:32,-16.014217,55.458117,50.64,2.79,141.49,760.94,0,0,62,37,NA,NA,1,0.1,0,0,0,0,0,0,0,0,0,0,0,0,0,0,0,0,0,0,0,0,0,1,0.1
Rockall Bank,Coral,39,21-25,28/06/2005,15:00:32,-16.014217,55.458117,15:05:32,-16.013667,55.458817,85.52,2.79,238.94,774.04,0,0,21.2,77.8,NA,NA,4,0.43,1,0.01,0,0,0,0,0,0,0,0,0,0,0,0,0,0,0,0,0,0,0,5,0.45
Rockall Bank,Coral,39,26-30,28/06/2005,15:05:32,-16.013667,55.458817,15:10:32,-16.013017,55.4595,87.64,2.79,244.8,814.38,0,0,8.6,91.2,NA,NA,0,0,1,0.02,0,0,0,0,0,0,0,0,0,0,0,0,0,0,0,0,0,0,0,1,0.02
Rockall Bank,Gully,39,31-35,28/06/2005,15:10:32,-16.013017,55.4595,15:15:32,-16.011917,55.460567,138.9,2.79,388,826.18,0,0,1.8,98.2,NA,NA,1,0.73,0,0,1,0,0,0,0,0,0,0,0,0,0,0,0,0,0,0,0,0,0,2,0.73
Rockall Bank,Gully,39,36-40,28/06/2005,15:15:32,-16.011917,55.460567,15:20:32,-16.01085,55.461767,149.65,2.79,418.06,823.22,0,0,0,100,NA,NA,0,0,2,0.03,1,1,4.45,1,0,0,0,0,0,0,0,0,0,0,0,0,0,0,0,5,4.48
Rockall Bank,Gully,39,41-45,28/06/2005,15:20:32,-16.01085,55.461767,15:25:32,-16.009833,55.462967,149.36,2.79,417.28,825.84,0,0,0,100,NA,NA,4,0.33,0,0,2,0,0,0,0,0,0,0,0,0,0,0,0,0,0,0,0,0,0,6,0.33
Rockall Bank,Gully,39,46-50,28/06/2005,15:25:32,-16.009833,55.462967,15:30:32,-16.010267,55.464017,135.39,2.79,378.21,827.8,0,0,0,100,NA,NA,0,0,0,0,1,0,0,0,0,0,0,0,0,0,0,0,0,0,0,0,0,0,0,1,0
Rockall Bank,Haas Mound,52,1-5,01/07/2006,07:48:11,-15.81182,55.50102,07:52:39,-15.812083,55.500517,63.18,3.426,216.75,650.18,0,80,80,20,0,0,1,0.31,0,0,0,0,0,0,0,0,0,0,0,0,0,0,0,0,0,0,0,0,0,1,0.31
Rockall Bank,Haas Mound,52,6-10,01/07/2006,07:52:39,-15.812083,55.500517,07:57:39,-15.8115,55.499433,127.73,5.152,680.98,626.77,0,100,100,0,0,0,1,0,0,0,0,0,0,0,0,0,0,0,0,0,0,0,0,0,0,0,0,0,0,1,0
Rockall Bank,Haas Mound,52,11-15,01/07/2006,07:57:39,-15.8115,55.499433,08:02:39,-15.811733,55.499017,72.15,1.852,131.44,605.8,0,79.4,79.6,20,0,0,1,0.02,0,0,0,0,0,0,0,1,0.35,0,0,0,0,0,0,0,0,0,0,0,0,2,0.37
Rockall Bank,Haas Mound,52,16-20,01/07/2006,08:02:39,-15.811733,55.499017,08:07:39,-15.81135,55.497667,153.21,2.746,420.31,587.03,1.2,87.4,89.2,10.6,0,0,2,0.17,0,0,0,0,0,0,0,1,0.39,0,0,0,0,0,0,0,0,0,0,0,0,3,0.56
Rockall Bank,Haas Mound,52,21-25,01/07/2006,08:07:39,-15.81135,55.497667,08:12:39,-15.810767,55.4967,124.73,8.332,1079.76,580.65,1.4,93,94.8,5,0,0,2,0.45,0,0,0,0,0,0,0,3,0.54,0,0,0,0,0,0,0,0,0,0,0,0,5,0.99
Rockall Bank,Haas Mound,52,26-30,01/07/2006,08:12:39,-15.810767,55.4967,08:17:39,-15.808533,55.49625,152.13,2.086,280.35,575.32,3.8,95.4,100,0,0,0,1,0.33,0,0,0,0,0,0,0,6,0.73,0,0,0,0,0,0,0,0,0,0,0,0,7,1.06
Rockall Bank,Haas Mound,52,31-35,01/07/2006,08:17:39,-15.808533,55.49625,08:22:39,-15.807433,55.495583,103.3,2.086,270.36,567.97,1.2,98.2,100,0,0,0,2,0.55,0,0,0,0,0,0,0,0,0,0,0,0,0,0,0,0,0,0,0,0,0,2,0.55
Rockall Bank,Haas Mound,52,36-40,01/07/2006,08:22:39,-15.807433,55.495583,08:27:39,-15.8061,55.494717,129.31,1.532,209.49,562.4,3.4,95.8,100,0,0,0,1,0.08,0,0,0,0,0,0,0,5,1.04,0,0,0,0,0,0,0,0,0,0,0,0,6,1.12
Rockall Bank,Haas Mound,52,41-45,01/07/2006,08:27:39,-15.8061,55.494717,08:32:39,-15.80535,55.494083,86.13,2.406,223.57,562.15,2,97.2,100,0,0,0,3,0.38,0,0,0,0,0,0,0,4,0.69,0,0,0,0,0,0,0,0,0,0,0,0,7,1.07
Rockall Bank,Haas Mound,52,46-50,01/07/2006,08:32:39,-15.80535,55.494083,08:37:39,-15.804567,55.49315,116.4,1.838,224.26,558.47,1.6,38,40,59.8,0,0,2,0.25,0,0,0,0,0,0,0,4,1.63,0,0,0,0,0,0,0,0,0,0,0,0,6,1.88
Rockall Bank,Haas Mound,52,51-55,01/07/2006,08:37:39,-15.804567,55.49315,08:42:39,-15.8037,55.492117,128.51,3.536,546.88,560.68,0,60,60,39.8,0,0,2,0.08,0,0,0,0,0,1,16.63,3,0.75,0,0,0,0,0,0,0,0,0,0,0,0,6,17.46
Rockall Bank,Haas Mound,52,56-60,01/07/2006,08:42:39,-15.8037,55.492117,08:47:39,-15.803617,55.491683,72.41,3.286,277.9,566.28,12,87.2,100,0,0,0,2,0.32,0,0,0,0,0,0,0,6,1.37,0,0,0,0,0,0,0,0,0,0,0,0,8,1.69
Rockall Bank,Haas Mound,52,61-62,01/07/2006,08:47:39,-15.803617,55.491683,08:49:39,-15.8035,55.491567,36.89360656,2.205,88.25619672,566.4,10,89.5,100,0,0,0,0,0,0,0,0,0,0,0,0,3,0.96,0,0,0,0,0,0,0,0,0,0,0,0,3,0.96
Rockall Bank,Haas Mound,57,1-5,01/07/2006,14:31:18,-15.79678,55.4907,14:35:39,-15.797567,55.491383,91.19,2.224,194.55,631.15,3,96.2,100,0,0,0,2,0.11,0,0,0,0,0,0,0,0,0,0,0,0,0,0,0,0,0,0,0,0,0,2,0.11
Rockall Bank,Haas Mound,57,6-10,01/07/2006,14:35:39,-15.797567,55.491383,14:40:39,-15.7977,55.49205,76.84,1.746,130.49,607.02,0.8,97,98.6,1.2,0,0,5,0.32,0,0,0,0,0,0,0,0,0,1,13.47,0,0,0,0,0,0,0,0,0,0,6,13.79
Rockall Bank,Haas Mound,57,11-15,01/07/2006,14:40:39,-15.7977,55.49205,14:45:39,-15.79805,55.492967,121.01,2.136,259.26,584.81,7.6,91.4,100,0,0,0,6,0.6,0,0,0,0,0,0,0,1,0.38,0,0,0,0,0,0,0,0,0,0,0,0,7,0.98
Rockall Bank,Haas Mound,57,16-20,01/07/2006,14:45:39,-15.79805,55.492967,14:50:39,-15.7988,55.493933,148.09,3.032,461.62,562.15,4.6,94.4,100,0,0,0,3,0.74,0,0,0,0,0,0,0,2,0.74,0,0,0,0,0,0,0,0,0,0,0,0,5,1.48
Rockall Bank,Haas Mound,57,21-25,01/07/2006,14:50:39,-15.7988,55.493933,14:55:39,-15.799283,55.494917,117.04,2.394,276.19,537.5,5.6,93.6,100,0,0,0,2,0.19,0,0,0,0,0,0,0,8,2.93,0,0,0,0,0,0,0,0,0,0,0,0,10,3.12
Rockall Bank,Haas Mound,57,26-30,01/07/2006,14:55:39,-15.799283,55.494917,15:00:39,-15.79975,55.495483,78.76,2.974,251.26,534.1,8.4,81.6,90.8,9,0,0,2,0.41,0,0,0,0,0,0,0,8,1.64,0,0,0,0,0,0,0,0,0,0,0,0,10,2.05
Rockall Bank,Haas Mound,57,31-35,01/07/2006,15:00:39,-15.79975,55.495483,15:05:39,-15.800433,55.496567,145.08,2.326,337.98,538.48,17.8,54.2,72.8,26.6,0,0,1,0.13,0,0,0,0,0,0,0,21,6.16,0,0,0,0,0,0,0,0,0,0,0,0,22,6.29
Rockall Bank,Haas Mound,57,36-40,01/07/2006,15:05:39,-15.800433,55.496567,15:10:39,-15.80175,55.49745,135.19,2.586,350.39,554.09,9.6,69.2,79.6,20,0,0,0,0,0,0,0,0,0,0,0,16,4.9,0,0,0,0,0,0,0,0,0,0,0,0,16,4.9
Rockall Bank,Haas Mound,57,41-45,01/07/2006,15:10:39,-15.80175,55.49745,15:15:39,-15.80255,55.498333,134.58,3.042,431.3,561.19,11,61.8,93.4,6.4,0,0,1,0.12,0,0,0,0,0,0,0,11,2.72,0,0,0,0,0,0,0,0,0,0,0,0,12,2.84
Rockall Bank,Haas Mound,57,46-48,01/07/2006,15:15:39,-15.80255,55.498333,15:18:39,-15.80365,55.49855,73.15276596,3.183333333,239.0494936,564.1833333,0,0,0,66.66666667,NA,NA,2,0.38,0,0,0,0,0,0,0,1,0.32,0,0,0,0,0,0,0,0,0,0,0,0,3,0.71
Rockall Bank,Haas Mound,62,1-5,02/07/2006,07:31:39,-15.792,55.496717,07:36:39,-15.792817,55.4966,68.36,2.112,137.75,599.14,3,94.2,98,1.8,0,0,2,1.27,0,0,0,0,0,0,0,0,0,0,0,0,0,0,0,0,0,0,0,0,0,2,1.27
Rockall Bank,Haas Mound,62,6-10,02/07/2006,07:36:39,-15.792817,55.4966,07:41:39,-15.794367,55.496383,101.02,1.658,169.56,561.1,5,94.2,100,0,0,0,1,0.2,0,0,0,0,0,0,0,4,0.41,0,0,0,0,0,0,0,0,0,0,0,0,5,0.61
Rockall Bank,Haas Mound,62,11-15,02/07/2006,07:41:39,-15.794367,55.496383,07:46:39,-15.79555,55.49625,76.29,2.286,184.59,550.45,8,91.4,100,0,0,0,0,0,0,0,0,0,0,0,0,1,0.5,0,0,0,0,0,0,0,0,0,0,0,0,1,0.5
Rockall Bank,Haas Mound,62,16-20,02/07/2006,07:46:39,-15.79555,55.49625,07:51:39,-15.796733,55.496133,76.12,0.948,78.02,551.91,32.4,67,100,0,0,0,1,0.05,0,0,0,0,0,0,0,0,0,0,0,0,0,0,0,0,0,0,0,0,0,1,0.05
Rockall Bank,Haas Mound,62,21-25,02/07/2006,07:51:39,-15.796733,55.496133,07:56:39,-15.797733,55.496017,65.42,3.448,222.61,551.09,5.2,92.6,98.4,1.4,0,0,2,0.13,0,0,0,0,0,0,0,5,0.81,0,0,0,0,0,0,0,0,0,0,0,0,7,0.94
Rockall Bank,Haas Mound,62,26-30,02/07/2006,07:56:39,-15.797733,55.496017,08:01:39,-15.798917,55.495867,76.63,2.854,220.33,541.74,15.2,80.4,96.4,3.2,0,0,0,0,0,0,0,0,0,0,0,8,1.74,0,0,0,0,0,0,0,0,0,0,0,0,8,1.74
Rockall Bank,Haas Mound,62,31-35,02/07/2006,08:01:39,-15.798917,55.495867,08:06:39,-15.800067,55.495833,75.33,3.258,255.33,538.02,4.8,94.8,100,0,0,0,2,0.3,0,0,0,0,0,0,0,7,0.9,0,0,0,0,0,0,0,0,0,0,0,0,9,1.21
Rockall Bank,Haas Mound,62,36-40,02/07/2006,08:06:39,-15.800067,55.495833,08:11:39,-15.800817,55.495483,62.23,1.692,105.84,538.02,12.6,86.8,100,0,0,0,3,0.47,0,0,0,0,0,0,0,5,0.44,0,0,0,0,0,0,0,0,0,0,0,0,8,0.92
Rockall Bank,Haas Mound,62,41-45,02/07/2006,08:11:39,-15.800817,55.495483,08:16:39,-15.801817,55.495017,81.68,3.45,276.96,539.79,3.8,95.8,100,0,0,0,1,0.09,0,0,0,0,0,0,0,5,1.15,0,0,0,0,0,0,0,0,0,0,0,0,6,1.24
Rockall Bank,Haas Mound,62,46-50,02/07/2006,08:16:39,-15.801817,55.495017,08:21:39,-15.803017,55.494467,97.3,3.192,321.65,546.84,0,100,100,0,0,0,1,0.42,0,0,0,0,0,0,0,4,2.37,0,0,0,0,0,0,0,0,0,0,0,0,5,2.79
Rockall Bank,Haas Mound,62,51-55,02/07/2006,08:21:39,-15.803017,55.494467,08:26:39,-15.803983,55.493983,81.35,1.504,136.87,557.66,8.4,79.6,88.6,11.2,0,0,0,0,0,0,0,0,0,0,0,3,0.74,0,0,0,0,0,0,0,0,0,0,0,0,3,0.74
Rockall Bank,Haas Mound,62,56-60,02/07/2006,08:26:39,-15.803983,55.493983,08:31:39,-15.805017,55.4935,84.87,3.882,322.49,560.44,6.2,93.2,100,0,0,0,0,0,0,0,0,0,0,0,0,1,0.06,0,0,0,0,0,0,0,0,0,0,0,0,1,0.06
Rockall Bank,Haas Mound,62,61-65,02/07/2006,08:31:39,-15.805017,55.4935,08:36:39,-15.806267,55.4929,103.85,2.682,288.57,553.88,5.6,34,100,0,0,0,1,0.03,0,0,0,0,0,0,0,3,0.91,0,0,0,0,0,0,0,0,0,0,0,0,4,0.94
Rockall Bank,Haas Mound,62,66-67,02/07/2006,08:36:39,-15.806267,55.4929,08:38:39,-15.806667,55.492717,32.89,3.3,109.99,550.8,0,0,100,0,0,0,0,0,0,0,0,0,0,0,0,1,0.16,0,0,0,0,0,0,0,0,0,0,0,0,1,0.16
Rockall Bank,Haas Mound,67,1-5,02/07/2006,17:53:39,-15.794867,55.484733,17:58:39,-15.795483,55.48535,99.21372549,7.192,701.4383922,848.47,0,10.4,10.6,89.2,NA,NA,0,0,0,0,0,1,6.03,0,0,0,0,0,0,0,0,0,0,0,0,0,0,0,0,1,6.03
Rockall Bank,Haas Mound,67,6-10,02/07/2006,17:58:39,-15.795483,55.48535,18:03:39,-15.79645,55.4861,103.94,2.044,213.97,812.86,0,0,0,100,NA,NA,0,0,0,0,0,0,0,0,0,0,0,0,0,0,0,0,0,0,0,0,0,0,0,0,0
Rockall Bank,Haas Mound,67,11-15,02/07/2006,18:03:39,-15.79645,55.4861,18:08:39,-15.797433,55.486783,98.85,4.58,469.14,778.25,0,20,20,80,0,0,0,0,0,0,0,0,0,0,0,0,0,0,0,0,0,0,0,0,0,0,0,0,0,0,0
Rockall Bank,Haas Mound,67,16-20,02/07/2006,18:08:39,-15.797433,55.486783,18:13:39,-15.79805,55.4876,99.71,2.168,225.46,748.72,0,100,100,0,0,0,0,0,0,0,0,0,0,0,0,0,0,0,0,0,0,0,0,0,0,0,0,0,0,0,0
Rockall Bank,Haas Mound,67,21-25,02/07/2006,18:13:39,-15.79805,55.4876,18:18:39,-15.79865,55.488283,88.26,1.804,157.58,728.48,0.8,99,100,0,0,0,1,0.33,0,0,0,0,0,0,0,0,0,0,0,0,0,0,0,0,0,0,0,0,0,1,0.33
Rockall Bank,Haas Mound,67,26-30,02/07/2006,18:18:39,-15.79865,55.488283,18:23:39,-15.799583,55.488833,89.21,1.376,125.03,710.67,0,100,100,0,0,0,0,0,0,0,0,0,0,0,0,0,0,0,0,0,0,0,0,0,0,0,0,0,0,0,0
Rockall Bank,Haas Mound,67,31-35,02/07/2006,18:23:39,-15.799583,55.488833,18:28:39,-15.80065,55.48955,105.47,2.64,275.27,725.81,0.2,99.4,100,0,0,0,1,0.05,0,0,0,0,0,0,0,0,0,0,0,0,0,0,0,0,0,0,0,0,0,1,0.05
Rockall Bank,Haas Mound,67,36-40,02/07/2006,18:28:39,-15.80065,55.48955,18:33:39,-15.801533,55.490117,85.99,2.682,238.76,607.76,0,100,100,0,0,0,2,0.24,0,0,0,0,0,0,0,0,0,0,0,0,0,0,0,0,0,0,0,0,0,2,0.24
Rockall Bank,Haas Mound,67,41-45,02/07/2006,18:33:39,-15.801533,55.490117,18:38:39,-15.802167,55.490867,93.62,3.06,286.57,572.85,0,100,100,0,0,0,1,0.51,0,0,0,0,0,0,0,0,0,0,0,0,0,0,0,0,0,0,0,0,0,1,0.51
Rockall Bank,Haas Mound,67,46-50,02/07/2006,18:38:39,-15.802167,55.490867,18:43:39,-15.8028,55.491583,90.52,3.06,277.1,563.38,0,100,100,0,0,0,0,0,0,0,0,0,0,0,0,0,0,0,0,0,0,0,0,0,0,0,0,0,0,0,0
Rockall Bank,Haas Mound,67,51-52,02/07/2006,18:43:39,-15.8028,55.491583,18:45:39,-15.803067,55.491817,32.89,3.06,100.68,562.75,0,100,100,0,0,0,0,0,0,0,0,0,0,0,0,0,0,0,0,0,0,0,0,0,0,0,0,0,0,0,0
Rockall Bank,Haas Mound,72,1-5,03/07/2006,09:40:39,-15.824783,55.494683,09:45:39,-15.824633,55.494833,58.95,2.292,122.42,828,0,100,100,0,0,0,2,0.13,0,0,0,0,0,0,0,0,0,0,0,0,0,0,0,0,0,0,0,0,0,2,0.13
Rockall Bank,Haas Mound,72,6-10,03/07/2006,09:45:39,-15.824633,55.494833,09:50:39,-15.82285,55.494733,117.98,4.622,499.82,814.58,0,100,100,0,0,0,0,0,0,0,0,0,0,0,0,0,0,0,0,0,0,0,0,0,0,0,0,0,0,0,0
Rockall Bank,Haas Mound,72,11-15,03/07/2006,09:50:39,-15.82285,55.494733,09:55:39,-15.820317,55.494833,164.08,4.66,893.64,765.79,0,100,100,0,0,0,1,0.01,0,0,0,1,5.28,0,0,0,0,0,0,0,0,0,0,0,0,0,0,0,0,2,5.29
Rockall Bank,Haas Mound,72,16-20,03/07/2006,09:55:39,-15.820317,55.494833,10:00:39,-15.8188,55.49505,104.43,2.658,349.96,717.99,0,100,100,0,0,0,1,0.31,0,0,0,0,0,1,6.55,0,0,0,0,0,0,0,0,0,0,0,0,0,0,2,6.86
Rockall Bank,Haas Mound,72,21,03/07/2006,10:00:39,-15.8188,55.49505,10:01:39,-15.818383,55.4951,26.85,2.67,71.59,701.15,0,100,100,0,0,0,0,0,0,0,0,0,0,0,0,0,0,0,0,0,0,0,0,0,0,0,0,0,0,0,0
Rockall Bank,Haas Mound,78,1-5,04/07/2006,10:10:39,-15.793667,55.499017,10:15:39,-15.792233,55.4991,103.87,1.786,283.92,625.82,0,99.8,100,0,0,0,2,0.24,0,0,0,0,0,0,0,0,0,0,0,0,0,0,0,0,0,0,0,0,0,2,0.24
Rockall Bank,Haas Mound,78,6-10,04/07/2006,10:15:39,-15.792233,55.4991,10:20:39,-15.790017,55.499717,159.82,2.034,334.07,611.41,1,98.6,100,0,0,0,2,0.24,0,0,0,0,0,0,0,3,1.16,0,0,1,3.02,0,0,0,0,0,0,0,0,6,4.42
Rockall Bank,Haas Mound,78,11-15,04/07/2006,10:20:39,-15.790017,55.499717,10:25:39,-15.787967,55.49955,166.74,3.068,714.65,581.88,3.4,96.2,100,0,0,0,3,0.49,0,0,0,0,0,0,0,0,0,0,0,0,0,0,0,0,0,0,0,0,0,3,0.49
Rockall Bank,Haas Mound,78,16-20,04/07/2006,10:25:39,-15.787967,55.49955,10:30:39,-15.786433,55.498783,139.31,2.17,423.69,578.48,2.8,76.8,80,0,0,0,1,0.2,0,0,0,0,0,0,0,0,0,0,0,0,0,0,0,0,0,0,0,0,0,1,0.2
Rockall Bank,Haas Mound,78,21-25,04/07/2006,10:30:39,-15.786433,55.498783,10:35:39,-15.7836,55.4976,222.68,2.826,639.51,619.23,10.4,88.8,100,0,0,0,1,0.04,0,0,0,0,0,0,0,3,0.7,0,0,0,0,0,0,0,0,0,0,0,0,4,0.74
Rockall Bank,Haas Mound,78,26-30,04/07/2006,10:35:39,-15.7836,55.4976,10:40:39,-15.780617,55.496883,206.85,4.5,890.47,636.03,3.2,56.4,60,0,0,0,1,0.58,0,0,0,0,0,0,0,1,0.27,0,0,0,0,0,0,0,0,0,0,0,0,2,0.85
Rockall Bank,Haas Mound,78,31-35,04/07/2006,10:40:39,-15.780617,55.496883,10:45:39,-15.778267,55.497167,302.77,2.242,698.09,612.4,2.6,37,40,0,0,0,0,0,0,0,0,0,0,0,0,1,0.06,0,0,0,0,0,0,0,0,0,0,0,0,1,0.06
Rockall Bank,Haas Mound,78,36-40,04/07/2006,10:45:39,-15.778267,55.497167,10:50:39,-15.7763,55.49695,188.51,1.98,383.93,595.07,0,20,20,0,0,0,0,0,0,0,0,0,0,0,0,0,0,0,0,0,0,0,0,0,0,0,0,0,0,0,0
Rockall Bank,Haas Mound,78,41-45,04/07/2006,10:50:39,-15.7763,55.49695,10:55:39,-15.772517,55.496383,276.15,2.38,656.59,646.54,0,0,0,0,NA,NA,0,0,0,0,0,0,0,0,0,0,0,0,0,0,0,0,0,0,0,0,0,0,0,0,0
Rockall Bank,Haas Mound,78,46-50,04/07/2006,10:55:39,-15.772517,55.496383,11:00:39,-15.769533,55.4982,284.78,2.508,716.62,651.43,0.2,19.6,20,0,0,0,0,0,0,0,0,0,0,0,0,0,0,0,0,0,0,0,0,0,0,0,0,0,0,0,0
Rockall Bank,Haas Mound,78,51-55,04/07/2006,11:00:39,-15.769533,55.4982,11:05:39,-15.768567,55.500333,247.54,1.28,331.64,667.27,2.4,97,100,0,0,0,3,0.2,0,0,0,0,0,0,0,0,0,0,0,0,0,0,0,0,0,0,0,0,0,3,0.2
Rockall Bank,Haas Mound,78,56-57,04/07/2006,11:05:39,-15.768567,55.500333,11:07:39,-15.767883,55.500983,86.51,1.67,132.06,680.45,2.5,96.5,100,0,0,0,4,0.82,0,0,0,0,0,0,0,1,0.49,0,0,0,0,0,0,0,0,0,0,0,0,5,1.31
